-1.5744, -19.6800, -19.6800, -150.0000, 150.0000, -12.0966, -12.0966, -4.0000 
1.4489, 18.1110, 18.1110, -150.0000, 150.0000, -14.9857, -14.9857, -4.0000 
-0.2484, -3.1786, -3.0324, -43.2114, 150.0000, -15.7359, -15.7359, -3.7644 
-0.3807, -4.8644, -4.6529, 123.8278, 150.0000, -15.9313, -15.9313, -3.2622 
-0.3874, -4.9885, -4.6976, 97.8642, 150.0000, -15.9821, -15.9821, -2.8690 
-0.3839, -4.9922, -4.6044, 71.4149, 150.0000, -15.9954, -15.9954, -2.5829 
-0.3790, -4.9882, -4.4867, 50.7474, 150.0000, -15.9988, -15.9988, -2.3798 
-0.3738, -4.9816, -4.3627, 35.7200, 104.7893, -15.9997, -15.9997, -2.2369 
-0.3691, -4.9733, -4.2544, 25.0552, -25.0593, -15.9999, -15.9999, -2.1366 
-0.3644, -4.9640, -4.1451, 17.5520, -17.5530, -16.0000, -16.0000, -2.0664 
-0.3596, -4.9539, -4.0363, 12.2899, -12.2901, -16.0000, -16.0000, -2.0173 
-0.3549, -4.9432, -3.9282, 8.6038, -8.6039, -16.0000, -16.0000, -1.9828 
-0.3501, -4.9321, -3.8204, 6.0229, -6.0229, -16.0000, -16.0000, -1.9587 
-0.3453, -4.9208, -3.7129, 4.2161, -4.2161, -16.0000, -16.0000, -1.9419 
-0.3406, -4.9092, -3.6055, 2.9513, -2.9513, -16.0000, -16.0000, -1.9301 
-0.3358, -4.8976, -3.4983, 2.0659, -2.0659, -16.0000, -16.0000, -1.9218 
-0.3311, -4.8858, -3.3912, 1.4461, -1.4461, -16.0000, -16.0000, -1.9160 
-0.3263, -4.8740, -3.2842, 1.0123, -1.0123, -16.0000, -16.0000, -1.9120 
-0.3216, -4.8622, -3.1772, 0.7086, -0.7086, -16.0000, -16.0000, -1.9091 
-0.3168, -4.8503, -3.0702, 0.4960, -0.4960, -16.0000, -16.0000, -1.9072 
-0.3121, -4.8383, -2.9633, 0.3472, -0.3472, -16.0000, -16.0000, -1.9058 
-0.3073, -4.8264, -2.8564, 0.2431, -0.2431, -16.0000, -16.0000, -1.9048 
-0.3026, -4.8145, -2.7494, 0.1701, -0.1701, -16.0000, -16.0000, -1.9041 
-0.2978, -4.8025, -2.6425, 0.1191, -0.1191, -16.0000, -16.0000, -1.9036 
-0.2930, -4.7906, -2.5356, 0.0834, -0.0834, -16.0000, -16.0000, -1.9033 
-0.2883, -4.7786, -2.4287, 0.0584, -0.0584, -16.0000, -16.0000, -1.9031 
-0.2835, -4.7666, -2.3218, 0.0408, -0.0408, -16.0000, -16.0000, -1.9029 
-0.2788, -4.7547, -2.2149, 0.0286, -0.0286, -16.0000, -16.0000, -1.9028 
-0.2740, -4.7427, -2.1081, 0.0200, -0.0200, -16.0000, -16.0000, -1.9027 
-0.2693, -4.7307, -2.0012, 0.0140, -0.0140, -16.0000, -16.0000, -1.9027 
-0.2645, -4.7188, -1.8943, 0.0098, -0.0098, -16.0000, -16.0000, -1.9026 
-0.2598, -4.7068, -1.7874, 0.0069, -0.0069, -16.0000, -16.0000, -1.9026 
-0.2550, -4.6948, -1.6805, 0.0048, -0.0048, -16.0000, -16.0000, -1.9026 
-0.2503, -4.6829, -1.5736, 0.0034, -0.0034, -16.0000, -16.0000, -1.9026 
-0.2455, -4.6709, -1.4667, 0.0024, -0.0024, -16.0000, -16.0000, -1.9026 
-0.2408, -4.6589, -1.3598, 0.0016, -0.0016, -16.0000, -16.0000, -1.9025 
-0.2360, -4.6470, -1.2529, 0.0012, -0.0012, -16.0000, -16.0000, -1.9025 
-0.2312, -4.6350, -1.1460, 0.0008, -0.0008, -16.0000, -16.0000, -1.9025 
-0.2265, -4.6230, -1.0392, 0.0006, -0.0006, -16.0000, -16.0000, -1.9025 
-0.2217, -4.6111, -0.9323, 0.0004, -0.0004, -16.0000, -16.0000, -1.9025 
-0.2170, -4.5991, -0.8254, 0.0003, -0.0003, -16.0000, -16.0000, -1.9025 
-0.2122, -4.5871, -0.7185, 0.0002, -0.0002, -16.0000, -16.0000, -1.9025 
-0.2075, -4.5752, -0.6116, 0.0001, -0.0001, -16.0000, -16.0000, -1.9025 
-0.2027, -4.5632, -0.5047, 0.0001, -0.0001, -16.0000, -16.0000, -1.9025 
-0.1980, -4.5512, -0.3978, 0.0001, -0.0001, -16.0000, -16.0000, -1.9025 
-0.1932, -4.5393, -0.2909, 0.0000, -0.0000, -16.0000, -16.0000, -1.9025 
-0.1885, -4.5273, -0.1840, 0.0000, -0.0000, -16.0000, -16.0000, -1.9025 
-0.1837, -4.5153, -0.0772, 0.0000, -0.0000, -16.0000, -16.0000, -1.9025 
-0.1789, -4.5034, 0.0297, 0.0000, -0.0000, -16.0000, -16.0000, -1.9025 
-0.1742, -4.4914, 0.1366, 0.0000, -0.0000, -16.0000, -16.0000, -1.9025 
-0.1694, -4.4794, 0.2435, 0.0000, -0.0000, -16.0000, -16.0000, -1.9025 
-0.1676, -4.5035, 0.3143, 0.0000, -0.0000, -16.0000, -16.0000, -1.9025 
-0.1640, -4.5064, 0.4063, 0.0000, -0.0000, -16.0000, -16.0000, -1.9025 
-0.1592, -4.4756, 0.4960, 0.0000, -0.0000, -16.0000, -16.0000, -1.9025 
-0.1567, -4.5022, 0.5855, 0.0000, -0.0000, -16.0000, -16.0000, -1.9025 
-0.1532, -4.5053, 0.6750, 0.0000, -0.0000, -16.0000, -16.0000, -1.9025 
-0.1498, -4.4745, 0.7284, 0.0000, -0.0000, -16.0000, -16.0000, -1.9025 
-0.1465, -4.5011, 0.8391, 0.0000, -0.0000, -16.0000, -16.0000, -1.9025 
-0.1431, -4.5043, 0.9262, 0.0000, -0.0000, -16.0000, -16.0000, -1.9025 
-0.1383, -4.4735, 1.0155, 0.0000, -0.0000, -16.0000, -16.0000, -1.9025 
-0.1358, -4.5001, 1.1050, 0.0000, -0.0000, -16.0000, -16.0000, -1.9025 
-0.1338, -4.5032, 1.1584, 0.0000, -0.0000, -16.0000, -16.0000, -1.9025 
-0.1296, -4.5084, 1.2690, 0.0000, -0.0000, -16.0000, -16.0000, -1.9025 
-0.1249, -4.4778, 1.3562, 0.0000, -0.0000, -16.0000, -16.0000, -1.9025 
-0.1224, -4.5044, 1.4455, 0.0000, -0.0000, -16.0000, -16.0000, -1.9025 
-0.1203, -4.5075, 1.4989, 0.0000, -0.0000, -16.0000, -16.0000, -1.9025 
-0.1147, -4.4767, 1.6095, 0.0000, -0.0000, -16.0000, -16.0000, -1.9025 
-0.1137, -4.5033, 1.6606, 0.0000, -0.0000, -16.0000, -16.0000, -1.9025 
-0.1094, -4.5065, 1.7711, 0.0000, -0.0000, -16.0000, -16.0000, -1.9025 
-0.1047, -4.4757, 1.8582, 0.0000, -0.0000, -16.0000, -16.0000, -1.9025 
-0.1036, -4.5023, 1.9115, 0.0000, -0.0000, -16.0000, -16.0000, -1.9025 
-0.0993, -4.5054, 2.0221, 0.0000, -0.0000, -16.0000, -16.0000, -1.9025 
-0.0961, -4.4746, 2.0732, 0.0000, -0.0000, -16.0000, -16.0000, -1.9025 
-0.0927, -4.5012, 2.1836, 0.0000, -0.0000, -16.0000, -16.0000, -1.9025 
-0.0908, -4.5043, 2.2347, 0.0000, -0.0000, -16.0000, -16.0000, -1.9025 
-0.0866, -4.4735, 2.3091, 0.0000, -0.0000, -16.0000, -16.0000, -1.9025 
-0.0833, -4.5001, 2.4174, 0.0000, -0.0000, -16.0000, -16.0000, -1.9025 
-0.0814, -4.5032, 2.4683, 0.0000, -0.0000, -16.0000, -16.0000, -1.9025 
-0.0771, -4.4945, 2.5675, 67.5292, -54.5989, -15.2655, -15.2655, -1.6583 
-0.0752, -4.4930, 2.6135, 5.6065, -2.1472, -15.0705, -15.0705, -1.6428 
-0.0724, -4.4928, 2.6840, -7.1426, 8.0628, -15.0187, -15.0187, -1.6732 
-0.0682, -4.4932, 2.7890, -7.9384, 8.1829, -15.0050, -15.0050, -1.7054 
-0.0663, -4.4941, 2.8371, -6.3371, 6.4020, -15.0013, -15.0013, -1.7309 
-0.0635, -4.4952, 2.9089, -4.6431, 4.6603, -15.0004, -15.0004, -1.7495 
-0.0607, -4.4966, 2.9789, -3.3052, 3.3097, -15.0001, -15.0001, -1.7627 
-0.0565, -4.4981, 3.0848, -2.3282, 2.3294, -15.0000, -15.0000, -1.7721 
-0.0546, -4.4997, 3.1336, -1.6336, 1.6339, -15.0000, -15.0000, -1.7786 
-0.0518, -4.5014, 3.2060, -1.1446, 1.1447, -15.0000, -15.0000, -1.7832 
-0.0476, -4.4670, 3.2763, -0.8015, 0.8015, -15.0000, -15.0000, -1.7864 
-0.0457, -4.4900, 3.3465, -0.5611, 0.5611, -15.0000, -15.0000, -1.7886 
-0.0429, -4.4894, 3.4167, -0.3928, 0.3928, -15.0000, -15.0000, -1.7902 
-0.0387, -4.4911, 3.5229, -0.2750, 0.2750, -15.0000, -15.0000, -1.7913 
-0.0368, -4.4929, 3.5719, -0.1925, 0.1925, -15.0000, -15.0000, -1.7921 
-0.0339, -4.4806, 3.6331, 68.0718, -54.8342, -14.2604, -14.2604, -1.5462 
-0.0311, -4.4755, 3.6984, 5.3339, -1.8605, -14.0677, -14.0677, -1.5319 
-0.0297, -4.5077, 3.7648, -7.2992, 8.2046, -14.0176, -14.0176, -1.5629 
-0.0261, -4.4833, 3.8317, -7.9809, 8.2166, -14.0046, -14.0046, -1.5953 
-0.0234, -4.4828, 3.8991, -6.3336, 6.3949, -14.0012, -14.0012, -1.6207 
-0.0206, -4.4805, 3.9667, -4.6278, 4.6438, -14.0003, -14.0003, -1.6393 
-0.0177, -4.4782, 4.0346, -3.2900, 3.2942, -14.0001, -14.0001, -1.6524 
-0.0163, -4.4981, 4.0914, 65.6206, -52.2655, -13.2655, -13.2655, -1.4167 
-0.0140, -4.4679, 4.1183, 4.2252, -0.6550, -13.0705, -13.0705, -1.4069 
-0.0118, -4.4986, 4.2037, -8.1210, 9.0705, -13.0187, -13.0187, -1.4413 
-0.0082, -4.4705, 4.2663, -8.6263, 8.8785, -13.0050, -13.0050, -1.4763 
-0.0068, -4.5023, 4.3316, -6.8194, 6.8864, -13.0013, -13.0013, -1.5037 
-0.0031, -4.4751, 4.3973, -4.9809, 4.9987, -13.0004, -13.0004, -1.5237 
-0.0003, -4.4714, 4.4632, -3.5417, 3.5464, -13.0001, -13.0001, -1.5378 
-0.0003, -4.5017, 4.4933, -2.4938, 2.4951, -13.0000, -13.0000, -1.5478 
0.0042, -4.4748, 4.5807, -1.7495, 1.7499, -13.0000, -13.0000, -1.5548 
0.0069, -4.4714, 4.6446, -1.2257, 1.2258, -13.0000, -13.0000, -1.5597 
0.0070, -4.4879, 4.6634, 67.7428, -54.0950, -12.2604, -12.2604, -1.3160 
0.0117, -4.4541, 4.7458, 5.0607, -1.4826, -12.0677, -12.0677, -1.3030 
0.0130, -4.4811, 4.8060, -7.5010, 8.4336, -12.0176, -12.0176, -1.3348 
0.0139, -4.4855, 4.8328, -8.1249, 8.3676, -12.0046, -12.0046, -1.3678 
0.0170, -4.4924, 4.9175, -6.4352, 6.4983, -12.0012, -12.0012, -1.3937 
0.0206, -4.4638, 4.9790, -4.6991, 4.7155, -12.0003, -12.0003, -1.4125 
0.0206, -4.4926, 5.0069, -3.3399, 3.3442, -12.0001, -12.0001, -1.4259 
0.0240, -4.4479, 5.0473, 65.9597, -52.2157, -11.2655, -11.2655, -1.1895 
0.0223, -4.4697, 5.0276, 4.4233, -0.7524, -11.0705, -11.0705, -1.1792 
0.0233, -4.4695, 5.0511, -7.9920, 8.9681, -11.0187, -11.0187, -1.2131 
0.0223, -4.4721, 5.0298, -8.5385, 8.7978, -11.0050, -11.0050, -1.2478 
0.0231, -4.4753, 5.0527, -6.7586, 6.8275, -11.0013, -11.0013, -1.2749 
0.0221, -4.4789, 5.0309, -4.9386, 4.9568, -11.0004, -11.0004, -1.2947 
0.0220, -4.4827, 5.0335, -3.5121, 3.5169, -11.0001, -11.0001, -1.3088 
0.0227, -4.4866, 5.0539, -2.4731, 2.4744, -11.0000, -11.0000, -1.3187 
0.0231, -4.4546, 5.0316, -1.7350, 1.7354, -11.0000, -11.0000, -1.3256 
0.0222, -4.4799, 5.0340, -1.2156, 1.2157, -11.0000, -11.0000, -1.3305 
0.0229, -4.4818, 5.0543, -0.8512, 0.8512, -11.0000, -11.0000, -1.3339 
0.0218, -4.4859, 5.0319, -0.5959, 0.5959, -11.0000, -11.0000, -1.3363 
0.0235, -4.4398, 5.0278, 68.5404, -54.5221, -10.2604, -10.2604, -1.0901 
0.0222, -4.4942, 5.0486, 5.5796, -1.9078, -10.0677, -10.0677, -1.0752 
0.0223, -4.4692, 5.0272, -7.1473, 8.1041, -10.0176, -10.0176, -1.1057 
0.0224, -4.4704, 5.0302, -7.8797, 8.1287, -10.0046, -10.0046, -1.1377 
0.0224, -4.4700, 5.0310, -6.2641, 6.3289, -10.0012, -10.0012, -1.1629 
0.0225, -4.4698, 5.0314, -4.5795, 4.5964, -10.0003, -10.0003, -1.1812 
0.0233, -4.4697, 5.0518, -3.2563, 3.2607, -10.0001, -10.0001, -1.1943 
0.0224, -4.4699, 5.0295, -2.2926, 2.2937, -10.0000, -10.0000, -1.2034 
0.0228, -4.4559, 5.0256, 67.0347, -52.9463, -9.2655, -9.2655, -0.9635 
0.0217, -4.4851, 5.0264, 5.1428, -1.3835, -9.0705, -9.0705, -0.9504 
0.0228, -4.4584, 5.0275, -7.4963, 8.4956, -9.0187, -9.0187, -0.9824 
0.0229, -4.4558, 5.0283, -8.1936, 8.4590, -9.0050, -9.0050, -1.0157 
0.0217, -4.4875, 5.0289, -6.5177, 6.5882, -9.0013, -9.0013, -1.0419 
0.0227, -4.4622, 5.0294, -4.7701, 4.7888, -9.0004, -9.0004, -1.0610 
0.0228, -4.4605, 5.0297, -3.3942, 3.3991, -9.0001, -9.0001, -1.0746 
0.0229, -4.4569, 5.0299, -2.3906, 2.3919, -9.0000, -9.0000, -1.0842 
0.0216, -4.4893, 5.0301, -1.6773, 1.6776, -9.0000, -9.0000, -1.0909 
0.0226, -4.4645, 5.0302, -1.1751, 1.1752, -9.0000, -9.0000, -1.0956 
0.0222, -4.4489, 5.0039, 68.4449, -54.1041, -8.2604, -8.2604, -0.8505 
0.0221, -4.4745, 5.0269, 5.4775, -1.7249, -8.0677, -8.0677, -0.8361 
0.0233, -4.4439, 5.0257, -7.2271, 8.2046, -8.0176, -8.0176, -0.8670 
0.0221, -4.4735, 5.0264, -7.9377, 8.1920, -8.0046, -8.0046, -0.8992 
0.0233, -4.4441, 5.0270, -6.3052, 6.3714, -8.0012, -8.0012, -0.9246 
0.0213, -4.4744, 5.0074, -4.6084, 4.6257, -8.0003, -8.0003, -0.9430 
0.0234, -4.4455, 5.0301, -3.2766, 3.2811, -8.0001, -8.0001, -0.9562 
0.0221, -4.4761, 5.0281, -2.3068, 2.3079, -8.0000, -8.0000, -0.9654 
0.0227, -4.4333, 5.0018, 67.3070, -52.9253, -7.2655, -7.2655, -0.7249 
0.0227, -4.4569, 5.0248, 5.3023, -1.4686, -7.0705, -7.0705, -0.7114 
0.0226, -4.4585, 5.0236, -7.3919, 8.4108, -7.0187, -7.0187, -0.7430 
0.0217, -4.4628, 5.0043, -8.1224, 8.3930, -7.0050, -7.0050, -0.7760 
0.0224, -4.4678, 5.0273, -6.4684, 6.5402, -7.0013, -7.0013, -0.8020 
0.0227, -4.4370, 5.0055, -4.7357, 4.7547, -7.0004, -7.0004, -0.8210 
0.0226, -4.4637, 5.0281, -3.3701, 3.3752, -7.0001, -7.0001, -0.8345 
0.0216, -4.4671, 5.0060, -2.3737, 2.3751, -7.0000, -7.0000, -0.8440 
0.0222, -4.4727, 5.0285, -1.6655, 1.6659, -7.0000, -7.0000, -0.8507 
0.0229, -4.4281, 5.0000, 68.3570, -53.7499, -6.2604, -6.2604, -0.6065 
0.0230, -4.4479, 5.0228, 5.3857, -1.5675, -6.0677, -6.0677, -0.5925 
0.0222, -4.4456, 5.0016, -7.2981, 8.2925, -6.0176, -6.0176, -0.6237 
0.0232, -4.4459, 5.0247, -7.9891, 8.2479, -6.0046, -6.0046, -0.6562 
0.0222, -4.4469, 5.0030, -6.3417, 6.4090, -6.0012, -6.0012, -0.6817 
0.0223, -4.4482, 5.0057, -4.6341, 4.6516, -6.0003, -6.0003, -0.7003 
0.0223, -4.4497, 5.0062, -3.2946, 3.2991, -6.0001, -6.0001, -0.7135 
0.0230, -4.4514, 5.0265, -2.3194, 2.3206, -6.0000, -6.0000, -0.7227 
0.0224, -4.4388, 4.9979, 67.5231, -52.9075, -5.2655, -5.2655, -0.4819 
0.0212, -4.4695, 5.0007, 5.4276, -1.5358, -5.0705, -5.0705, -0.4680 
0.0223, -4.4441, 5.0019, -7.3099, 8.3440, -5.0187, -5.0187, -0.4993 
0.0232, -4.4429, 5.0228, -8.0665, 8.3411, -5.0050, -5.0050, -0.5321 
0.0224, -4.4400, 5.0010, -6.4296, 6.5025, -5.0013, -5.0013, -0.5579 
0.0212, -4.4733, 5.0036, -4.7086, 4.7280, -5.0004, -5.0004, -0.5768 
0.0222, -4.4496, 5.0041, -3.3512, 3.3564, -5.0001, -5.0001, -0.5902 
0.0222, -4.4495, 5.0044, -2.3605, 2.3619, -5.0000, -5.0000, -0.5997 
0.0226, -4.4330, 4.9982, 68.0628, -53.2526, -4.2604, -4.2604, -0.3570 
0.0216, -4.4596, 4.9988, 5.1549, -1.2878, -4.0677, -4.0677, -0.3442 
0.0228, -4.4302, 4.9998, -7.4650, 8.4718, -4.0176, -4.0176, -0.3760 
0.0216, -4.4610, 5.0007, -8.1073, 8.3692, -4.0046, -4.0046, -0.4090 
0.0227, -4.4329, 5.0013, -6.4247, 6.4929, -4.0012, -4.0012, -0.4348 
0.0215, -4.4644, 5.0018, -4.6923, 4.7100, -4.0003, -4.0003, -0.4536 
0.0216, -4.4368, 4.9778, -3.3353, 3.3399, -4.0001, -4.0001, -0.4670 
0.0232, -4.4183, 4.9981, 66.9636, -52.1793, -3.2655, -3.2655, -0.2287 
0.0222, -4.4409, 4.9968, 5.0135, -1.0811, -3.0705, -3.0705, -0.2165 
0.0222, -4.4434, 4.9977, -7.6046, 8.6491, -3.0187, -3.0187, -0.2490 
0.0220, -4.4489, 4.9986, -8.2739, 8.5513, -3.0050, -3.0050, -0.2827 
0.0207, -4.4550, 4.9722, -6.5751, 6.6488, -3.0013, -3.0013, -0.3091 
0.0230, -4.4254, 5.0015, -4.8106, 4.8301, -3.0004, -3.0004, -0.3284 
0.0219, -4.4532, 5.0001, -3.4226, 3.4278, -3.0001, -3.0001, -0.3421 
0.0207, -4.4577, 4.9742, -2.4105, 2.4119, -3.0000, -3.0000, -0.3517 
0.0232, -4.4140, 4.9952, 68.1565, -53.2125, -2.2604, -2.2604, -0.1090 
0.0211, -4.4349, 4.9629, 5.2031, -1.3055, -2.0677, -2.0677, -0.0960 
0.0223, -4.4335, 4.9912, -7.4347, 8.4491, -2.0176, -2.0176, -0.1277 
0.0224, -4.4349, 4.9962, -8.0868, 8.3507, -2.0046, -2.0046, -0.1606 
0.0213, -4.4370, 4.9682, -6.4106, 6.4792, -2.0012, -2.0012, -0.1864 
0.0223, -4.4393, 4.9981, -4.6825, 4.7003, -2.0003, -2.0003, -0.2052 
0.0211, -4.4419, 4.9686, -3.3284, 3.3331, -2.0001, -2.0001, -0.2185 
0.0223, -4.4303, 4.9873, 67.0618, -52.1804, -1.2655, -1.2655, 0.0200 
0.0225, -4.4258, 4.9889, 5.0688, -1.1151, -1.0705, -1.0705, 0.0324 
0.0228, -4.4226, 4.9932, -7.5682, 8.6180, -1.0187, -1.0187, -0.0000 
0.0203, -4.4561, 4.9629, -8.2490, 8.5277, -1.0050, -1.0050, -0.0336 
0.0223, -4.4328, 4.9903, -6.5578, 6.6318, -1.0013, -1.0013, -0.0599 
0.0224, -4.4333, 4.9945, -4.7985, 4.8181, -1.0004, -1.0004, -0.0792 
0.0213, -4.4320, 4.9651, -3.4142, 3.4194, -1.0001, -1.0001, -0.0928 
0.0225, -4.4305, 4.9932, -2.4046, 2.4060, -1.0000, -1.0000, -0.1025 
0.0227, -4.4292, 4.9959, -1.6871, 1.6875, -1.0000, -1.0000, -0.1092 
0.0215, -4.4280, 4.9666, -1.1820, 1.1821, -1.0000, -1.0000, -0.1139 
0.0227, -4.4268, 4.9949, -0.8277, 0.8277, -1.0000, -1.0000, -0.1172 
0.0215, -4.4257, 4.9638, -0.5794, 0.5795, -1.0000, -1.0000, -0.1196 
0.0213, -4.4606, 4.9920, -0.4056, 0.4056, -1.0000, -1.0000, -0.1212 
0.0223, -4.4383, 4.9961, -0.2839, 0.2839, -1.0000, -1.0000, -0.1223 
0.0211, -4.4396, 4.9670, -0.1988, 0.1988, -1.0000, -1.0000, -0.1231 
0.0223, -4.4387, 4.9955, -0.1391, 0.1391, -1.0000, -1.0000, -0.1237 
0.0211, -4.4376, 4.9644, -0.0974, 0.0974, -1.0000, -1.0000, -0.1241 
0.0222, -4.4366, 4.9926, -0.0682, 0.0682, -1.0000, -1.0000, -0.1243 
0.0224, -4.4355, 4.9962, -0.0477, 0.0477, -1.0000, -1.0000, -0.1245 
0.0213, -4.4344, 4.9671, -0.0334, 0.0334, -1.0000, -1.0000, -0.1247 
0.0225, -4.4334, 4.9956, -0.0234, 0.0234, -1.0000, -1.0000, -0.1248 
0.0213, -4.4323, 4.9645, -0.0164, 0.0164, -1.0000, -1.0000, -0.1248 
0.0225, -4.4312, 4.9927, -0.0115, 0.0115, -1.0000, -1.0000, -0.1249 
0.0213, -4.4302, 4.9616, -0.0080, 0.0080, -1.0000, -1.0000, -0.1249 
0.0224, -4.4291, 4.9899, -0.0056, 0.0056, -1.0000, -1.0000, -0.1249 
0.0227, -4.4281, 4.9949, -0.0039, 0.0039, -1.0000, -1.0000, -0.1249 
0.0216, -4.4270, 4.9659, -0.0028, 0.0028, -1.0000, -1.0000, -0.1249 
0.0227, -4.4259, 4.9944, -0.0019, 0.0019, -1.0000, -1.0000, -0.1250 
0.0215, -4.4249, 4.9633, -0.0013, 0.0013, -1.0000, -1.0000, -0.1250 
0.0213, -4.4599, 4.9916, -0.0009, 0.0009, -1.0000, -1.0000, -0.1250 
0.0223, -4.4377, 4.9961, -0.0007, 0.0007, -1.0000, -1.0000, -0.1250 
0.0211, -4.4389, 4.9671, -0.0005, 0.0005, -1.0000, -1.0000, -0.1250 
0.0223, -4.4380, 4.9956, -0.0003, 0.0003, -1.0000, -1.0000, -0.1250 
0.0211, -4.4370, 4.9645, -0.0002, 0.0002, -1.0000, -1.0000, -0.1250 
0.0223, -4.4359, 4.9928, -0.0002, 0.0002, -1.0000, -1.0000, -0.1250 
0.0211, -4.4349, 4.9617, -0.0001, 0.0001, -1.0000, -1.0000, -0.1250 
0.0222, -4.4338, 4.9899, -0.0001, 0.0001, -1.0000, -1.0000, -0.1250 
0.0225, -4.4328, 4.9949, -0.0001, 0.0001, -1.0000, -1.0000, -0.1250 
0.0214, -4.4317, 4.9659, -0.0000, 0.0000, -1.0000, -1.0000, -0.1250 
0.0226, -4.4306, 4.9944, -0.0000, 0.0000, -1.0000, -1.0000, -0.1250 
0.0213, -4.4296, 4.9633, -0.0000, 0.0000, -1.0000, -1.0000, -0.1250 
0.0225, -4.4285, 4.9916, -0.0000, 0.0000, -1.0000, -1.0000, -0.1250 
0.0227, -4.4275, 4.9961, -0.0000, 0.0000, -1.0000, -1.0000, -0.1250 
0.0216, -4.4264, 4.9671, -0.0000, 0.0000, -1.0000, -1.0000, -0.1250 
0.0228, -4.4253, 4.9956, -0.0000, 0.0000, -1.0000, -1.0000, -0.1250 
0.0216, -4.4243, 4.9645, -0.0000, 0.0000, -1.0000, -1.0000, -0.1250 
0.0213, -4.4593, 4.9928, -0.0000, 0.0000, -1.0000, -1.0000, -0.1250 
0.0210, -4.4371, 4.9617, -0.0000, 0.0000, -1.0000, -1.0000, -0.1250 
0.0222, -4.4239, 4.9786, 69.9063, -54.9018, -0.2604, -0.2604, 0.1246 
0.0225, -4.4157, 4.9783, 6.4186, -2.5097, -0.0677, -0.0677, 0.1425 
0.0215, -4.4447, 4.9814, -6.5850, 7.6020, -0.0176, -0.0176, 0.1141 
0.0227, -4.4169, 4.9852, -7.4922, 7.7568, -0.0046, -0.0046, 0.0836 
0.0231, -4.4131, 4.9894, -5.9944, 6.0633, -0.0012, -0.0012, 0.0595 
0.0206, -4.4435, 4.9579, -4.3912, 4.4091, -0.0003, -0.0003, 0.0419 
0.0227, -4.4167, 4.9838, -3.1245, 3.1292, -0.0001, -0.0001, 0.0294 
0.0215, -4.4495, 4.9863, -2.2004, 2.2016, -0.0000, -0.0000, 0.0206 
0.0227, -4.4231, 4.9911, -1.5437, 1.5440, -0.0000, -0.0000, 0.0144 
0.0216, -4.4201, 4.9600, -1.0815, 1.0816, -0.0000, -0.0000, 0.0101 
0.0214, -4.4511, 4.9863, -0.7573, 0.7573, -0.0000, -0.0000, 0.0071 
0.0226, -4.4246, 4.9891, -0.5301, 0.5302, -0.0000, -0.0000, 0.0049 
0.0214, -4.4217, 4.9580, -0.3711, 0.3711, -0.0000, -0.0000, 0.0035 
0.0227, -4.4167, 4.9843, -0.2598, 0.2598, -0.0000, -0.0000, 0.0024 
0.0216, -4.4475, 4.9871, -0.1819, 0.1819, -0.0000, -0.0000, 0.0017 
0.0228, -4.4212, 4.9921, -0.1273, 0.1273, -0.0000, -0.0000, 0.0012 
0.0217, -4.3873, 4.9302, 150.0000, -150.0000, 2.8877, 2.8877, 0.9752 
0.0230, -4.3745, 4.9488, 150.0000, -150.0000, 5.9138, 5.9138, 1.8107 
0.0226, -4.3418, 4.9079, 71.2925, -150.0000, 6.7118, 6.7118, 1.7562 
0.0223, -4.3291, 4.8861, -53.6579, -6.7495, 6.9235, 6.9235, 1.5500 
0.0222, -4.3188, 4.8731, -47.8030, 46.6961, 6.9797, 6.9797, 1.3610 
0.0220, -4.3108, 4.8615, -36.1817, 35.8879, 6.9946, 6.9946, 1.2168 
0.0234, -4.3158, 4.9019, -80.9642, 95.4928, 6.2590, 6.2590, 0.8639 
0.0225, -4.3159, 4.8792, -20.8121, 24.6098, 6.0674, 6.0674, 0.7731 
0.0227, -4.3268, 4.8938, -59.7459, 75.3434, 5.2832, 5.2832, 0.5029 
0.0241, -4.2957, 4.8993, -3.9164, 8.0684, 5.0752, 5.0752, 0.4789 
0.0234, -4.3320, 4.9178, -47.6281, 63.5468, 4.2800, 4.2800, 0.2566 
0.0222, -4.3380, 4.8924, 5.3536, -1.1958, 4.0728, 4.0728, 0.2697 
0.0232, -4.3198, 4.9009, -40.6824, 56.5414, 3.2847, 3.2847, 0.0752 
0.0233, -4.3160, 4.8992, 9.5614, -5.3449, 3.0756, 3.0756, 0.1050 
0.0221, -4.3441, 4.8954, 16.7790, -15.6590, 3.0201, 3.0201, 0.1699 
0.0232, -4.3252, 4.9051, -40.4886, 55.7313, 2.2656, 2.2656, -0.0225 
0.0234, -4.3229, 4.9069, 8.3212, -4.3454, 2.0691, 2.0691, 0.0028 
0.0236, -4.3169, 4.9069, 15.3755, -14.3407, 2.0180, 2.0180, 0.0622 
0.0239, -4.3097, 4.9060, 13.2481, -12.9789, 2.0047, 2.0047, 0.1147 
0.0227, -4.3379, 4.9045, 9.9201, -9.8501, 2.0012, 2.0012, 0.1542 
0.0238, -4.3084, 4.9025, 7.1122, -7.0940, 2.0003, 2.0003, 0.1826 
0.0225, -4.3381, 4.9002, 5.0223, -5.0176, 2.0001, 2.0001, 0.2027 
0.0236, -4.3082, 4.8977, 3.5270, -3.5258, 2.0000, 2.0000, 0.2168 
0.0223, -4.3376, 4.8950, 2.4718, -2.4715, 2.0000, 2.0000, 0.2267 
0.0235, -4.3188, 4.9065, -52.7937, 67.6740, 1.2655, 1.2655, -0.0142 
0.0238, -4.3171, 4.9109, -1.5471, 5.5004, 1.0705, 1.0705, -0.0283 
0.0226, -4.3482, 4.9141, 8.3150, -7.2652, 1.0187, 1.0187, 0.0028 
0.0238, -4.3212, 4.9166, 8.3154, -8.0367, 1.0050, 1.0050, 0.0355 
0.0226, -4.3172, 4.8826, 6.4831, -6.4091, 1.0013, 1.0013, 0.0613 
0.0238, -4.3108, 4.9056, 4.7140, -4.6944, 1.0004, 1.0004, 0.0801 
0.0226, -4.3401, 4.9048, 3.3465, -3.3413, 1.0001, 1.0001, 0.0935 
0.0238, -4.3120, 4.9060, 2.3549, -2.3536, 1.0000, 1.0000, 0.1029 
0.0240, -4.3073, 4.9073, 1.6518, -1.6514, 1.0000, 1.0000, 0.1095 
0.0229, -4.3364, 4.9086, 1.1571, -1.1570, 1.0000, 1.0000, 0.1142 
0.0241, -4.2772, 4.8789, 150.0000, -150.0000, 6.9098, 6.9098, 2.1094 
0.0243, -4.2648, 4.8725, 150.0000, -150.0000, 8.4464, 8.4464, 2.2497 
0.0242, -4.2248, 4.8301, 99.0859, -150.0000, 8.8530, 8.8530, 2.0235 
0.0235, -4.2096, 4.7967, -62.0670, -45.6158, 8.9610, 8.9610, 1.7794 
0.0234, -4.2070, 4.7911, -103.5976, 117.3825, 8.2502, 8.2502, 1.3375 
0.0260, -4.1643, 4.8151, -37.7810, 41.3873, 8.0651, 8.0651, 1.1791 
0.0241, -4.1792, 4.7821, -17.4023, 18.3417, 8.0169, 8.0169, 1.1077 
0.0242, -4.1825, 4.7874, -64.3676, 78.9916, 7.2699, 7.2699, 0.8209 
0.0255, -4.1822, 4.8199, -8.8725, 12.7706, 7.0717, 7.0717, 0.7777 
0.0246, -4.1926, 4.8085, -51.5560, 67.2036, 6.2791, 6.2791, 0.5401 
0.0248, -4.2076, 4.8272, -51.9059, 70.5847, 5.3391, 5.3391, 0.2951 
0.0248, -4.1791, 4.7992, 9.1314, -4.1614, 5.0900, 5.0900, 0.3217 
0.0264, -4.1811, 4.8407, -36.5171, 52.6544, 4.2838, 4.2838, 0.1434 
0.0242, -4.2096, 4.8143, 13.6650, -9.4498, 4.0738, 4.0738, 0.1896 
0.0253, -4.1900, 4.8236, -34.7251, 50.5989, 3.2849, 3.2849, 0.0190 
0.0254, -4.1866, 4.8224, 13.7674, -9.5470, 3.0756, 3.0756, 0.0656 
0.0257, -4.1905, 4.8336, -35.1987, 51.2697, 2.2801, 2.2801, -0.1073 
0.0245, -4.1588, 4.7713, 150.0000, -150.0000, 4.9657, 4.9657, 0.9158 
0.0256, -4.1508, 4.7903, 150.0000, -150.0000, 7.9343, 7.9343, 1.8254 
0.0255, -4.1128, 4.7498, 121.4820, -150.0000, 8.7172, 8.7172, 1.8345 
0.0263, -4.1097, 4.7674, -96.5191, 7.3919, 8.1867, 8.1867, 1.4278 
0.0254, -4.1131, 4.7485, -96.1302, 113.1834, 7.3147, 7.3147, 1.0092 
0.0283, -4.0750, 4.7815, -25.0277, 29.5715, 7.0836, 7.0836, 0.9000 
0.0265, -4.1053, 4.7689, -61.2757, 77.0959, 6.2822, 6.2822, 0.6232 
0.0268, -4.1171, 4.7868, -58.2801, 77.0039, 5.3399, 5.3399, 0.3527 
0.0268, -4.1238, 4.7942, 4.7802, 0.2018, 5.0902, 5.0902, 0.3618 
0.0270, -4.1042, 4.7780, -39.5340, 55.6745, 4.2839, 4.2839, 0.1714 
0.0286, -4.1098, 4.8252, -42.8887, 61.8614, 3.3404, 3.3404, -0.0381 
0.0265, -4.1053, 4.7678, 15.5402, -10.4992, 3.0904, 3.0904, 0.0140 
0.0263, -4.1458, 4.8031, -31.9983, 48.2888, 2.2839, 2.2839, -0.1466 
0.0274, -4.1327, 4.8185, -37.6562, 56.7624, 1.3404, 1.3404, -0.3354 
0.0277, -4.0989, 4.7907, 19.1586, -14.0896, 1.0904, 1.0904, -0.2689 
0.0280, -4.0922, 4.7918, 150.0000, -150.0000, 4.0006, 4.0006, 0.8343 
0.0269, -4.0848, 4.7564, 150.0000, -150.0000, 6.1757, 6.1757, 1.4663 
0.0274, -4.0593, 4.7445, 73.5536, -150.0000, 6.7599, 6.7599, 1.4528 
0.0299, -4.0142, 4.7625, -34.5035, -5.9199, 6.9172, 6.9172, 1.3210 
0.0281, -4.0274, 4.7301, -30.3453, 29.1469, 6.9780, 6.9780, 1.2020 
0.0297, -4.0302, 4.7730, -79.0948, 93.3823, 6.2546, 6.2546, 0.8571 
0.0289, -4.0413, 4.7648, -74.5664, 92.8902, 5.3327, 5.3327, 0.5222 
0.0305, -4.0102, 4.7724, -7.6025, 12.4781, 5.0883, 5.0883, 0.4820 
0.0283, -4.0465, 4.7551, -48.4590, 64.5710, 4.2834, 4.2834, 0.2559 
0.0309, -4.0278, 4.8013, -49.2057, 68.1710, 3.3403, 3.3403, 0.0212 
0.0287, -4.0608, 4.7793, 11.1004, -6.0614, 3.0903, 3.0903, 0.0555 
0.0296, -4.0124, 4.7531, 116.3546, -141.1793, 4.3243, 4.3243, 0.5706 
0.0296, -3.9703, 4.7109, 150.0000, -150.0000, 6.8735, 6.8735, 1.4194 
0.0308, -3.9886, 4.7586, -47.0213, 7.2720, 6.3182, 6.3182, 1.0620 
0.0298, -3.9746, 4.7197, 14.7435, -24.2302, 6.7983, 6.7983, 1.1399 
0.0314, -3.9881, 4.7734, -110.8524, 134.4673, 5.6065, 5.6065, 0.6493 
0.0306, -3.9945, 4.7595, -30.7313, 39.9276, 5.1451, 5.1451, 0.5080 
0.0323, -3.9751, 4.7822, -60.5043, 79.4814, 4.1971, 4.1971, 0.2280 
0.0301, -3.9751, 4.7268, 150.0000, -150.0000, 6.7270, 6.7270, 1.1685 
0.0325, -3.9656, 4.7788, -150.0000, 150.0000, 3.9850, 3.9850, 0.1443 
0.0305, -4.0163, 4.7790, -101.3370, 135.1804, 2.5173, 2.5173, -0.2450 
0.0318, -4.0056, 4.8011, -40.8408, 63.4162, 1.4021, 1.4021, -0.4535 
0.0335, -3.9735, 4.8113, 25.2328, -19.2460, 1.1067, 1.1067, -0.3646 
0.0314, -3.9737, 4.7576, 128.4037, -150.0000, 2.3284, 2.3284, 0.1985 
0.0325, -3.9345, 4.7482, 150.0000, -150.0000, 4.8747, 4.8747, 1.0847 
0.0323, -3.9564, 4.7650, -31.2343, -12.0105, 4.3185, 4.3185, 0.7538 
0.0324, -3.9473, 4.7561, 19.4197, -29.0320, 4.7983, 4.7983, 0.8507 
0.0324, -3.9449, 4.7539, -8.0340, 5.0721, 4.9465, 4.9465, 0.8245 
0.0354, -3.9193, 4.8039, -67.6668, 81.6868, 4.2464, 4.2464, 0.5258 
0.0325, -3.9569, 4.7685, -67.7651, 86.1853, 3.3305, 3.3305, 0.2179 
0.0322, -3.9643, 4.7700, -3.2088, 8.1034, 3.0877, 3.0877, 0.1952 
0.0349, -3.9590, 4.8305, -99.6800, 130.7154, 1.5530, 1.5530, -0.2656 
0.0328, -3.9622, 4.7824, 4.3177, 3.9152, 1.1468, 1.1468, -0.2647 
0.0342, -3.9716, 4.8266, -32.3542, 49.5591, 0.2986, 0.2986, -0.4286 
0.0345, -3.9371, 4.8003, 18.5426, -14.0593, 0.0777, 0.0777, -0.3634 
0.0349, -3.9314, 4.8046, 150.0000, -150.0000, 5.1821, 5.1821, 1.4702 
0.0339, -3.9253, 4.7727, 150.0000, -150.0000, 5.7871, 5.7871, 1.4262 
0.0343, -3.8816, 4.7390, -6.1450, -97.3880, 5.2089, 5.2089, 1.0191 
0.0357, -3.9028, 4.7960, -39.2674, 42.3313, 5.0555, 5.0555, 0.8559 
0.0350, -3.9114, 4.7867, -75.0030, 90.6309, 4.2748, 4.2748, 0.5247 
0.0353, -3.9278, 4.8108, -68.9706, 87.8097, 3.3380, 3.3380, 0.2111 
0.0355, -3.9016, 4.7891, -3.0401, 8.0457, 3.0897, 3.0897, 0.1889 
0.0344, -3.9426, 4.8015, -45.0892, 61.3701, 2.2838, 2.2838, -0.0240 
0.0356, -3.9283, 4.8179, -46.8426, 65.9464, 1.3404, 1.3404, -0.2496 
0.0344, -3.9297, 4.7893, 12.7222, -7.6539, 1.0904, 1.0904, -0.2088 
0.0355, -3.9001, 4.7888, 150.0000, -150.0000, 5.4456, 5.4456, 1.3633 
0.0358, -3.8575, 4.7520, 150.0000, -150.0000, 6.5881, 6.5881, 1.5420 
0.0353, -3.8566, 4.7385, 50.5382, -150.0000, 6.8907, 6.8907, 1.4260 
0.0367, -3.8688, 4.7872, -146.1722, 150.0000, 5.5008, 5.5008, 0.7863 
0.0360, -3.8719, 4.7708, -35.0306, 49.1919, 5.1330, 5.1330, 0.6315 
0.0362, -3.8857, 4.7901, -61.7068, 78.4766, 4.2950, 4.2950, 0.3511 
0.0364, -3.8682, 4.7783, -56.8702, 76.0069, 3.3433, 3.3433, 0.0853 
0.0367, -3.8760, 4.7935, -48.8759, 68.9326, 2.3499, 2.3499, -0.1503 
0.0369, -3.8453, 4.7682, 150.0000, -150.0000, 4.9852, 4.9852, 0.8714 
0.0371, -3.8385, 4.7670, 150.0000, -150.0000, 7.2165, 7.2165, 1.5471 
0.0366, -3.8237, 4.7383, 14.8133, -108.9369, 7.0575, 7.0575, 1.2972 
0.0366, -3.8294, 4.7448, -89.8747, 105.3165, 6.2754, 6.2754, 0.9068 
0.0381, -3.8404, 4.7934, -79.2412, 97.8662, 5.3381, 5.3381, 0.5526 
0.0389, -3.8315, 4.8051, -119.2974, 150.0000, 3.6193, 3.6193, 0.0066 
0.0369, -3.8667, 4.7902, -0.4228, 13.3271, 3.1644, 3.1644, -0.0135 
0.0369, -3.8620, 4.7836, -87.4969, 119.6673, 1.5733, 1.5733, -0.4278 
0.0394, -3.8308, 4.8160, 15.5686, -7.0336, 1.1522, 1.1522, -0.3826 
0.0373, -3.8268, 4.7602, 150.0000, -150.0000, 5.4616, 5.4616, 1.2285 
0.0400, -3.7863, 4.7870, 150.0000, -150.0000, 6.5924, 6.5924, 1.4442 
0.0373, -3.8067, 4.7383, -31.8651, -54.1167, 5.4219, 5.4219, 0.8619 
0.0397, -3.8077, 4.8007, -37.1280, 43.3092, 5.1120, 5.1120, 0.7010 
0.0390, -3.8317, 4.8076, -120.1725, 150.0000, 3.5594, 3.5594, 0.1581 
0.0393, -3.8075, 4.7902, -9.0767, 18.6651, 3.1485, 3.1485, 0.1052 
0.0383, -3.8610, 4.8182, -95.6778, 127.6128, 1.5691, 1.5691, -0.3414 
0.0395, -3.8055, 4.7924, 9.2772, -0.8048, 1.1511, 1.1511, -0.3212 
0.0396, -3.8045, 4.7945, 138.4369, -150.0000, 2.5462, 2.5462, 0.2890 
0.0384, -3.7996, 4.7604, 150.0000, -150.0000, 5.8240, 5.8240, 1.4025 
0.0390, -3.7919, 4.7663, -0.4087, -69.9817, 5.2187, 5.2187, 0.9948 
0.0418, -3.7563, 4.8021, -37.8881, 41.0954, 5.0581, 5.0581, 0.8368 
0.0403, -3.7998, 4.8078, -127.9119, 150.0000, 3.5451, 3.5451, 0.2645 
0.0394, -3.8196, 4.8047, -71.5083, 102.8240, 2.4025, 2.4025, -0.0676 
0.0406, -3.8086, 4.8246, -48.9468, 69.8163, 1.3717, 1.3717, -0.3052 
0.0396, -3.8223, 4.8115, -39.5581, 60.1326, 0.3573, 0.3573, -0.5046 
0.0422, -3.7625, 4.8181, 150.0000, -150.0000, 2.2530, 2.2530, 0.2999 
0.0402, -3.7837, 4.7893, 150.0000, -150.0000, 4.2722, 4.2722, 0.9753 
0.0408, -3.7328, 4.7528, 36.8469, -126.6721, 4.8068, 4.8068, 1.0225 
0.0424, -3.7728, 4.8327, -130.4384, 150.0000, 3.4786, 3.4786, 0.4474 
0.0418, -3.7788, 4.8228, -27.1223, 41.3096, 3.1271, 3.1271, 0.3247 
0.0408, -3.8083, 4.8289, -111.1724, 142.7900, 1.5634, 1.5634, -0.1832 
0.0406, -3.7894, 4.8038, -2.3307, 10.7185, 1.1496, 1.1496, -0.2093 
0.0432, -3.7775, 4.8577, -99.5655, 114.1482, -0.4306, -0.4306, -0.6367 
0.0412, -3.7776, 4.8073, 150.0000, -150.0000, 3.5692, 3.5692, 0.8878 
0.0425, -3.7425, 4.8050, 150.0000, -150.0000, 4.6208, 4.6208, 1.1094 
0.0423, -3.7690, 4.8263, -34.2982, -26.3843, 3.4294, 3.4294, 0.5475 
0.0411, -3.7748, 4.8016, -32.4023, 38.7602, 3.1140, 3.1140, 0.4051 
0.0438, -3.7674, 4.8620, -116.6112, 148.0354, 1.5599, 1.5599, -0.1242 
0.0417, -3.7691, 4.8126, -6.6016, 14.9379, 1.1487, 1.1487, -0.1672 
0.0431, -3.7904, 4.8681, -102.6826, 117.2417, -0.4309, -0.4309, -0.6071 
0.0420, -3.7683, 4.8171, 150.0000, -150.0000, 2.0315, 2.0315, 0.3899 
0.0432, -3.7348, 4.8140, 150.0000, -150.0000, 4.2134, 4.2134, 1.0849 
0.0429, -3.7359, 4.8091, 85.6559, -150.0000, 4.7912, 4.7912, 1.1116 
0.0431, -3.7524, 4.8299, -136.4125, 139.1713, 3.4745, 3.4745, 0.5131 
0.0433, -3.7598, 4.8422, -31.8600, 38.8843, 3.1260, 3.1260, 0.3716 
0.0437, -3.7529, 4.8458, -114.6352, 146.2365, 1.5631, 1.5631, -0.1502 
0.0442, -3.7788, 4.8836, -120.4613, 145.6503, -0.3210, -0.3210, -0.6824 
0.0431, -3.7633, 4.8400, 125.8599, -132.2888, 0.6379, 0.6379, -0.1661 
0.0443, -3.7335, 4.8406, 150.0000, -150.0000, 3.8481, 3.8481, 0.9907 
0.0430, -3.7294, 4.8033, 131.2341, -150.0000, 4.6945, 4.6945, 1.1226 
0.0452, -3.7093, 4.8399, -132.8528, 94.7483, 3.4489, 3.4489, 0.5412 
0.0446, -3.7487, 4.8641, -86.8790, 108.2348, 2.3908, 2.3908, 0.1509 
0.0436, -3.7692, 4.8603, -64.8111, 85.5067, 1.3686, 1.3686, -0.1497 
0.0450, -3.7726, 4.8964, -112.7566, 132.9580, -0.3726, -0.3726, -0.6411 
0.0452, -3.7483, 4.8772, 1.0328, -10.3823, -0.8334, -0.8334, -0.6183 
0.0469, -3.7135, 4.8872, 150.0000, -150.0000, 0.5500, 0.5500, 0.0028 
0.0436, -3.7358, 4.8247, 150.0000, -150.0000, 3.0715, 3.0715, 0.8734 
0.0453, -3.7296, 4.8628, 9.6103, -53.8464, 3.0190, 3.0190, 0.7086 
0.0469, -3.7190, 4.8918, -135.0723, 150.0000, 1.5348, 1.5348, 0.1083 
0.0450, -3.7540, 4.8796, -22.8990, 45.9504, 1.1420, 1.1420, 0.0008 
0.0464, -3.7523, 4.9120, -115.0174, 129.4052, -0.4327, -0.4327, -0.4881 
0.0452, -3.7618, 4.8908, -6.8390, -1.6152, -0.8494, -0.8494, -0.4985 
0.0475, -3.7585, 4.9468, -119.9536, 87.9300, -2.4304, -2.4304, -0.9143 
0.0468, -3.7310, 4.9017, 150.0000, -150.0000, 2.2802, 2.2802, 0.8586 
0.0457, -3.7260, 4.8682, 150.0000, -150.0000, 2.8089, 2.8089, 0.8648 
0.0482, -3.7039, 4.9099, 58.5127, -54.2193, 2.2181, 2.2181, 0.5112 
0.0462, -3.7424, 4.8985, -84.0063, 102.1328, 1.3230, 1.3230, 0.1389 
0.0476, -3.7272, 4.9180, -69.7390, 89.3356, 0.3568, 0.3568, -0.1792 
0.0464, -3.7786, 4.9394, -70.2237, 64.4711, -0.6403, -0.6403, -0.4486 
0.0476, -3.6961, 4.8871, 150.0000, -150.0000, 4.2256, 4.2256, 1.3036 
0.0465, -3.7185, 4.8801, 150.0000, -150.0000, 4.7944, 4.7944, 1.2621 
0.0485, -3.6757, 4.8885, -7.2337, -64.9737, 4.2142, 4.2142, 0.8669 
0.0478, -3.7104, 4.9064, -91.8826, 109.8270, 3.3220, 3.3220, 0.4634 
0.0482, -3.7263, 4.9320, -75.3521, 94.8438, 2.3565, 2.3565, 0.1230 
0.0484, -3.6694, 4.8805, 150.0000, -150.0000, 4.2528, 4.2528, 0.8139 
0.0471, -3.6619, 4.8389, 132.2072, -150.0000, 6.2722, 6.2722, 1.4088 
0.0492, -3.6692, 4.8988, -116.7455, 74.6330, 5.3373, 5.3373, 0.9047 
0.0484, -3.6812, 4.8916, -90.6130, 110.1429, 4.3607, 4.3607, 0.5032 
0.0487, -3.6986, 4.9166, -71.2549, 91.3590, 3.3607, 3.3607, 0.1780 
0.0491, -3.6954, 4.9242, -110.7338, 145.8066, 1.6253, 1.6253, -0.3351 
0.0494, -3.6701, 4.9054, 150.0000, -150.0000, 5.5836, 5.5836, 1.1609 
0.0494, -3.6379, 4.8735, 117.3239, -150.0000, 5.1549, 5.1549, 0.8763 
0.0494, -3.6706, 4.9060, -80.2810, 58.7677, 4.3114, 4.3114, 0.5214 
0.0497, -3.6963, 4.9391, -124.1866, 150.0000, 2.6230, 2.6230, -0.0433 
0.0487, -3.6866, 4.9040, -60.7511, 93.0848, 1.4300, 1.4300, -0.3346 
0.0498, -3.6617, 4.9072, 150.0000, -150.0000, 5.5333, 5.5333, 1.2030 
0.0484, -3.6638, 4.8733, 125.3515, -150.0000, 5.1416, 5.1416, 0.9163 
0.0493, -3.6863, 4.9183, -137.6590, 119.1164, 3.5672, 3.5672, 0.3025 
0.0510, -3.6718, 4.9458, -74.2927, 97.3855, 2.4228, 2.4228, -0.0408 
0.0492, -3.6932, 4.9223, -105.6415, 141.5005, 0.6528, 0.6528, -0.5351 
0.0504, -3.6696, 4.9307, 150.0000, -150.0000, 3.8520, 3.8520, 0.7292 
0.0507, -3.6345, 4.9025, 150.0000, -150.0000, 4.6955, 4.6955, 0.9388 
0.0506, -3.6707, 4.9359, -91.4443, 34.8703, 3.4492, 3.4492, 0.4123 
0.0495, -3.6998, 4.9368, -132.3110, 150.0000, 1.6488, 1.6488, -0.1897 
0.0509, -3.6925, 4.9645, -59.6909, 102.7948, 0.4448, 0.4448, -0.4773 
0.0510, -3.6898, 4.9647, -119.8235, 101.6405, -1.3413, -1.3413, -0.9203 
0.0527, -3.6615, 4.9800, 150.0000, -150.0000, 2.5678, 2.5678, 0.6247 
0.0508, -3.6555, 4.9245, 150.0000, -150.0000, 2.8853, 2.8853, 0.6406 
0.0533, -3.6434, 4.9758, 5.5464, -23.7178, 2.2387, 2.2387, 0.3383 
0.0514, -3.6942, 4.9784, -125.7832, 150.0000, 0.6035, 0.6035, -0.2311 
0.0524, -3.7022, 5.0131, -144.5636, 139.3798, -1.2988, -1.2988, -0.7812 
0.0524, -3.6824, 4.9917, -2.5916, -7.9169, -1.8175, -1.8175, -0.7705 
0.0538, -3.6523, 4.9970, 150.0000, -150.0000, 2.4406, 2.4406, 0.8295 
0.0517, -3.6433, 4.9368, 150.0000, -150.0000, 2.1187, 2.1187, 0.5634 
0.0530, -3.6761, 5.0019, -52.9823, 63.5323, 1.2968, 1.2968, 0.1964 
0.0534, -3.6604, 4.9956, -72.8786, 92.0874, 0.3497, 0.3497, -0.1335 
0.0509, -3.6652, 4.9375, 150.0000, -150.0000, 3.7722, 3.7722, 1.0743 
0.0543, -3.6010, 4.9591, 139.0081, -150.0000, 4.6744, 4.6744, 1.1972 
0.0531, -3.6284, 4.9557, -82.7373, 16.2754, 4.1818, 4.1818, 0.8465 
0.0533, -3.6498, 4.9835, -142.7174, 150.0000, 2.5883, 2.5883, 0.2114 
0.0536, -3.6483, 4.9885, -132.0100, 150.0000, 0.6971, 0.6971, -0.3932 
0.0537, -3.6680, 5.0115, -67.7423, 115.8519, -0.5504, -0.5504, -0.6701 
0.0540, -3.6121, 4.9632, 150.0000, -150.0000, 3.5384, 3.5384, 0.8899 
0.0530, -3.6376, 4.9617, 150.0000, -150.0000, 3.8756, 3.8756, 0.8690 
0.0539, -3.6150, 4.9614, -79.4535, 39.8341, 2.5061, 2.5061, 0.2913 
0.0540, -3.6701, 5.0200, -134.2995, 150.0000, 0.6751, 0.6751, -0.3201 
0.0529, -3.6655, 4.9882, -72.3490, 96.1498, -0.5562, -0.5562, -0.6143 
0.0553, -3.6127, 4.9955, 138.1501, -139.0867, 0.6024, 0.6024, -0.0598 
0.0533, -3.6018, 4.9338, 150.0000, -150.0000, 3.0856, 3.0856, 0.8186 
0.0543, -3.6296, 4.9869, -46.9127, 12.6620, 2.2927, 2.2927, 0.4210 
0.0532, -3.6471, 4.9764, -80.6241, 99.8612, 1.3427, 1.3427, 0.0600 
0.0545, -3.6350, 4.9969, -64.7072, 84.5954, 0.3621, 0.3621, -0.2386 
0.0548, -3.6066, 4.9755, 150.0000, -150.0000, 3.7754, 3.7754, 0.9982 
0.0533, -3.6111, 4.9424, 97.2694, -150.0000, 3.9395, 3.9395, 0.8952 
0.0544, -3.6320, 4.9915, -135.4503, 144.3924, 2.5234, 2.5234, 0.2963 
0.0546, -3.6293, 4.9946, -135.4523, 150.0000, 0.6797, 0.6797, -0.3202 
0.0548, -3.6345, 5.0036, -6.4660, 39.3376, 0.1832, 0.1832, -0.3662 
0.0537, -3.6076, 4.9493, 150.0000, -150.0000, 4.4408, 4.4408, 1.1868 
0.0547, -3.5733, 4.9407, 123.7843, -150.0000, 4.1188, 4.1188, 0.8880 
0.0547, -3.6177, 4.9860, -142.9913, 120.8158, 2.5714, 2.5714, 0.2537 
0.0536, -3.6495, 4.9903, -134.4248, 150.0000, 0.6926, 0.6926, -0.3601 
0.0545, -3.6476, 5.0106, -70.0480, 95.3889, -0.5516, -0.5516, -0.6460 
0.0547, -3.5933, 4.9620, 150.0000, -150.0000, 2.0609, 2.0609, 0.4088 
0.0551, -3.5823, 4.9600, 150.0000, -150.0000, 3.4768, 3.4768, 0.8409 
0.0537, -3.6141, 4.9572, -68.4677, 31.0508, 2.3983, 2.3983, 0.3550 
0.0549, -3.6441, 5.0177, -134.2254, 150.0000, 0.6462, 0.6462, -0.2529 
0.0537, -3.6043, 4.9463, 100.3180, -101.1593, 1.6605, 1.6605, 0.1895 
0.0546, -3.5733, 4.9388, 128.2124, -150.0000, 3.3695, 3.3695, 0.7714 
0.0548, -3.6113, 4.9812, -100.5839, 108.0236, 2.3694, 2.3694, 0.3287 
0.0565, -3.6049, 5.0169, -130.9502, 150.0000, 0.6385, 0.6385, -0.2653 
0.0547, -3.6091, 4.9760, -8.7394, 34.2216, 0.1721, 0.1721, -0.3191 
0.0546, -3.5810, 4.9449, 150.0000, -150.0000, 5.4462, 5.4462, 1.5618 
0.0555, -3.5819, 4.9691, 122.2696, -150.0000, 4.3901, 4.3901, 0.9404 
0.0556, -3.6055, 4.9952, -150.0000, 136.8057, 2.6440, 2.6440, 0.2335 
0.0558, -3.6054, 4.9999, -145.3293, 150.0000, 0.7120, 0.7120, -0.3895 
0.0546, -3.5804, 4.9445, 147.7810, -150.0000, 2.2194, 2.2194, 0.2627 
0.0542, -3.5781, 4.9335, 150.0000, -150.0000, 5.3574, 5.3574, 1.3250 
0.0565, -3.5653, 4.9783, -147.5831, 130.7315, 2.9036, 2.9036, 0.3001 
0.0558, -3.6230, 5.0168, -150.0000, 150.0000, 0.7816, 0.7816, -0.3972 
0.0547, -3.6245, 4.9922, -94.6387, 138.2369, -0.7501, -0.7501, -0.7657 
0.0570, -3.5729, 4.9979, 150.0000, -150.0000, 2.3451, 2.3451, 0.4804 
0.0547, -3.5727, 4.9407, 112.5818, -139.7963, 2.0930, 2.0930, 0.3391 
0.0560, -3.6214, 5.0217, -119.2821, 150.0000, 0.5646, 0.5646, -0.2000 
0.0548, -3.6144, 4.9850, -75.6117, 75.7346, -0.5713, -0.5713, -0.5022 
0.0560, -3.5620, 4.9630, 122.8754, -121.2794, 0.4926, 0.4926, -0.0139 
0.0563, -3.5978, 5.0052, -82.9868, 81.8030, -0.5510, -0.5510, -0.3435 
0.0567, -3.5674, 4.9838, 150.0000, -150.0000, 3.1614, 3.1614, 0.9916 
0.0552, -3.5768, 4.9571, 84.5588, -129.7876, 2.7843, 2.7843, 0.6852 
0.0563, -3.6030, 5.0104, -142.1016, 150.0000, 1.2112, 1.2112, 0.0532 
0.0559, -3.6072, 5.0043, -146.4957, 150.0000, -0.6766, -0.6766, -0.5545 
0.0561, -3.5497, 4.9514, 150.0000, -150.0000, 4.6263, 4.6263, 1.3754 
0.0549, -3.5725, 4.9439, 150.0000, -150.0000, 3.9601, 3.9601, 0.9110 
0.0572, -3.5427, 4.9733, -58.0317, 39.1839, 3.1532, 3.1532, 0.5136 
0.0551, -3.5932, 4.9718, -134.4715, 150.0000, 1.4632, 1.4632, -0.0926 
0.0563, -3.5378, 4.9450, 150.0000, -150.0000, 4.4217, 4.4217, 0.9878 
0.0562, -3.5608, 4.9658, 5.2422, -32.1495, 3.7181, 3.7181, 0.6194 
0.0564, -3.5713, 4.9820, -58.3289, 70.9829, 3.0900, 3.0900, 0.3608 
0.0554, -3.6014, 4.9862, -120.1303, 150.0000, 1.4468, 1.4468, -0.1862 
0.0565, -3.5934, 5.0057, -55.5948, 81.6671, 0.3271, 0.3271, -0.4540 
0.0567, -3.5495, 4.9661, 76.8274, -87.6816, 0.8621, 0.8621, -0.1249 
0.0570, -3.5397, 4.9649, 150.0000, -150.0000, 4.6912, 4.6912, 1.2364 
0.0557, -3.5817, 4.9753, -107.3374, 87.0886, 1.8611, 1.8611, 0.0862 
0.0569, -3.5845, 5.0062, -150.0000, 150.0000, -0.3522, -0.3522, -0.6169 
0.0559, -3.5799, 4.9774, 68.5624, -31.5829, 0.0375, 0.0375, -0.3135 
0.0571, -3.5526, 4.9809, 150.0000, -150.0000, 4.4940, 4.4940, 1.2853 
0.0572, -3.5550, 4.9844, -60.2421, 27.3643, 1.6586, 1.6586, 0.1113 
0.0557, -3.6151, 5.0067, -150.0000, 150.0000, -0.5589, -0.5589, -0.6083 
0.0568, -3.5333, 4.9524, 150.0000, -150.0000, 3.9142, 3.9142, 1.0624 
0.0555, -3.5892, 4.9774, -3.3615, 5.5007, 1.5530, 1.5530, 0.0936 
0.0568, -3.5687, 4.9879, -41.8509, 55.3389, 0.8877, 0.8877, -0.1008 
0.0570, -3.5784, 5.0029, -47.7846, 65.1866, 0.0300, 0.0300, -0.3268 
0.0559, -3.5758, 4.9738, 24.2345, -24.0831, 0.0225, 0.0225, -0.2301 
0.0570, -3.5538, 4.9779, 110.8679, -136.3913, 1.2808, 1.2808, 0.2644 
0.0557, -3.5777, 4.9702, 15.9139, -22.3953, 1.6006, 1.6006, 0.3410 
0.0571, -3.5682, 4.9947, -113.0068, 140.9907, 0.2207, 0.2207, -0.1670 
0.0559, -3.5724, 4.9702, -21.1580, 21.4777, -0.2049, -0.2049, -0.2523 
0.0571, -3.5444, 4.9712, 140.6993, -150.0000, 1.4055, 1.4055, 0.3592 
0.0557, -3.5657, 4.9583, 19.6513, -43.8233, 1.8558, 1.8558, 0.4561 
0.0555, -3.5835, 4.9716, -82.7475, 100.7467, 0.9677, 0.9677, 0.0891 
0.0566, -3.5260, 4.9412, 150.0000, -150.0000, 5.7978, 5.7978, 1.7273 
0.0562, -3.5303, 4.9353, 72.6142, -150.0000, 4.9523, 4.9523, 1.1403 
0.0563, -3.5489, 4.9556, -150.0000, 150.0000, 3.2554, 3.2554, 0.4109 
0.0563, -3.5807, 4.9889, -146.7297, 150.0000, 1.4898, 1.4898, -0.1862 
0.0564, -3.5297, 4.9389, 150.0000, -150.0000, 5.1720, 5.1720, 1.1672 
0.0580, -3.5207, 4.9711, -2.4334, 22.6967, 3.6312, 3.6312, 0.4906 
0.0561, -3.5655, 4.9672, -106.9457, 135.2475, 2.2289, 2.2289, 0.0062 
0.0572, -3.5087, 4.9394, 150.0000, -150.0000, 6.1086, 6.1086, 1.3956 
0.0571, -3.5428, 4.9705, -56.9806, 24.2478, 3.8515, 3.8515, 0.4438 
0.0572, -3.5759, 5.0064, -150.0000, 150.0000, 1.0367, 1.0367, -0.4949 
0.0565, -3.5742, 4.9855, -81.1665, 150.0000, 0.0698, 0.0698, -0.6339 
0.0590, -3.5190, 4.9943, 150.0000, -150.0000, 1.7861, 1.7861, 0.1381 
0.0569, -3.5403, 4.9620, -10.3626, -5.2192, 1.2158, 1.2158, -0.0289 
0.0566, -3.5943, 5.0104, -113.8369, 130.5254, -0.3930, -0.3930, -0.5176 
0.0591, -3.5124, 4.9900, 150.0000, -150.0000, 2.2938, 2.2938, 0.5297 
0.0571, -3.5361, 4.9633, 150.0000, -150.0000, 3.3546, 3.3546, 0.8145 
0.0582, -3.5243, 4.9799, -150.0000, 128.1765, 1.6450, 1.6450, 0.1189 
0.0570, -3.5523, 4.9764, 6.8638, -11.5016, 1.6980, 1.6980, 0.1628 
0.0580, -3.5547, 5.0049, -150.0000, 150.0000, -0.3948, -0.3948, -0.5287 
0.0582, -3.5313, 4.9859, 150.0000, -150.0000, 2.4586, 2.4586, 0.5780 
0.0584, -3.5186, 4.9791, 35.4505, -39.8509, 1.9153, 1.9153, 0.3134 
0.0573, -3.5702, 5.0014, -125.1004, 150.0000, 0.3050, 0.3050, -0.2523 
0.0583, -3.5355, 4.9920, 63.6130, -67.2970, 0.8685, 0.8685, 0.0250 
0.0570, -3.5309, 4.9570, 13.3457, -15.2805, 0.9639, 0.9639, 0.0823 
0.0582, -3.5234, 4.9785, 8.3898, -9.8993, 1.0383, 1.0383, 0.1189 
0.0572, -3.5672, 4.9963, -71.0409, 90.6806, 0.0703, 0.0703, -0.2046 
0.0584, -3.5139, 4.9740, 150.0000, -150.0000, 2.5568, 2.5568, 0.6985 
0.0569, -3.5367, 4.9587, 13.3003, -61.2834, 2.4379, 2.4379, 0.5446 
0.0565, -3.5668, 4.9799, -150.0000, 150.0000, 0.4433, 0.4433, -0.2005 
0.0574, -3.5755, 5.0095, -150.0000, 150.0000, -1.5553, -1.5553, -0.7982 
0.0588, -3.5222, 4.9912, 150.0000, -150.0000, 1.7387, 1.7387, 0.4946 
0.0568, -3.5189, 4.9385, 122.6126, -108.1476, 1.7231, 1.7231, 0.4061 
0.0582, -3.5665, 5.0203, -123.4021, 150.0000, 0.2535, 0.2535, -0.1471 
0.0568, -3.5153, 4.9359, 130.4699, -150.0000, 1.8305, 1.8305, 0.4387 
0.0580, -3.5536, 5.0037, -60.4805, 63.4464, 1.2280, 1.2280, 0.1724 
0.0582, -3.5185, 4.9725, 25.1904, -32.4558, 1.5864, 1.5864, 0.2877 
0.0572, -3.5720, 5.0018, -123.6904, 150.0000, 0.0105, 0.0105, -0.2710 
0.0566, -3.5755, 4.9916, -119.6253, 95.6030, -1.4736, -1.4736, -0.6902 
0.0589, -3.5225, 4.9954, 150.0000, -150.0000, 2.2976, 2.2976, 0.7343 
0.0570, -3.5395, 4.9641, 23.8208, -2.1754, 0.4062, 0.4062, -0.0382 
0.0583, -3.5369, 4.9953, -14.7147, 20.5608, 0.1181, 0.1181, -0.1087 
0.0587, -3.5032, 4.9694, 150.0000, -150.0000, 4.1935, 4.1935, 1.3032 
0.0572, -3.5306, 4.9612, -31.5031, -14.3130, 2.3787, 2.3787, 0.4569 
0.0584, -3.5376, 4.9968, -31.8569, 37.2699, 2.1111, 2.1111, 0.3186 
0.0569, -3.5278, 4.9503, 74.8814, -96.3835, 3.1754, 3.1754, 0.6612 
0.0594, -3.5026, 4.9882, -52.6599, 61.5717, 2.7339, 2.7339, 0.4327 
0.0572, -3.5249, 4.9546, 11.5549, -16.5640, 2.9820, 2.9820, 0.4889 
0.0583, -3.5563, 5.0142, -147.6820, 150.0000, 1.1106, 1.1106, -0.1775 
0.0573, -3.5378, 4.9713, -10.2802, 55.1220, 0.6525, 0.6525, -0.2372 
0.0585, -3.5113, 4.9733, 145.4839, -150.0000, 2.2903, 2.2903, 0.4111 
0.0571, -3.5473, 4.9761, -52.4006, 35.4612, 1.7108, 1.7108, 0.1780 
0.0584, -3.5310, 4.9917, -64.4435, 82.7735, 0.8066, 0.8066, -0.1164 
0.0586, -3.5173, 4.9813, 65.8051, -79.3294, 1.4736, 1.4736, 0.1739 
0.0574, -3.5660, 5.0019, -94.7566, 120.8574, 0.1867, 0.1867, -0.2574 
0.0572, -3.5139, 4.9442, 150.0000, -150.0000, 3.5593, 3.5593, 0.9648 
0.0579, -3.4964, 4.9438, 40.1753, -96.9772, 2.9914, 2.9914, 0.6169 
0.0580, -3.5469, 4.9969, -150.0000, 150.0000, 0.5900, 0.5900, -0.2665 
0.0583, -3.5051, 4.9638, 77.0837, -55.2558, 1.9117, 1.9117, 0.2816 
0.0570, -3.5251, 4.9513, 43.7463, -56.5433, 2.5443, 2.5443, 0.4822 
0.0581, -3.5573, 5.0100, -150.0000, 150.0000, 0.4715, 0.4715, -0.2666 
0.0583, -3.5133, 4.9717, 112.9918, -99.6160, 1.8831, 1.8831, 0.3074 
0.0585, -3.5373, 5.0010, -150.0000, 150.0000, -0.6392, -0.6392, -0.5655 
0.0576, -3.5249, 4.9652, 70.5651, -40.4022, 0.3953, 0.3953, -0.0707 
0.0586, -3.4983, 4.9628, 118.0795, -147.8703, 1.8647, 1.8647, 0.4612 
0.0573, -3.5523, 4.9855, -150.0000, 150.0000, -1.2114, -1.2114, -0.6454 
0.0587, -3.5191, 4.9867, 49.3412, -16.4043, 0.2402, 0.2402, -0.0073 
0.0575, -3.5223, 4.9608, 150.0000, -150.0000, 2.5986, 2.5986, 0.7997 
0.0588, -3.5148, 4.9842, -150.0000, 150.0000, -1.5800, -1.5800, -0.7530 
0.0575, -3.5650, 5.0024, -89.6792, 77.2394, -0.8534, -0.8534, -0.3411 
0.0587, -3.4796, 4.9468, 150.0000, -150.0000, 2.3345, 2.3345, 0.8050 
0.0585, -3.5615, 5.0251, -150.0000, 150.0000, -1.6453, -1.6453, -0.6921 
0.0570, -3.5713, 4.9971, -150.0000, 150.0000, -4.4279, -4.4279, -1.4846 
0.0574, -3.5599, 4.9961, -27.1547, -29.0877, -3.6348, -3.6348, -0.9372 
0.0586, -3.5354, 4.9995, 150.0000, -150.0000, 0.1453, 0.1453, 0.4834 
0.0580, -3.5347, 4.9846, -35.8313, 59.9261, -2.4405, -2.4405, -0.5288 
0.0569, -3.5597, 4.9810, 17.9192, -17.6807, -2.4287, -2.4287, -0.4576 
0.0594, -3.4991, 4.9832, 150.0000, -150.0000, 1.9562, 1.9562, 1.0685 
0.0588, -3.5289, 4.9986, -62.5961, 92.1004, -0.9720, -0.9720, -0.1669 
0.0574, -3.5542, 4.9899, -137.4510, 107.2570, -2.4628, -2.4628, -0.6564 
0.0584, -3.5346, 4.9936, 150.0000, -150.0000, 3.4790, 3.4790, 1.4532 
0.0573, -3.5147, 4.9470, 99.5344, -67.9608, 0.9039, 0.9039, 0.2786 
0.0595, -3.5361, 5.0247, -150.0000, 150.0000, -1.2453, -1.2453, -0.4964 
0.0575, -3.5068, 4.9436, 150.0000, -150.0000, 2.2104, 2.2104, 0.7720 
0.0570, -3.5129, 4.9384, 100.5376, -134.5304, 2.5825, 2.5825, 0.7488 
0.0594, -3.5031, 4.9893, -150.0000, 150.0000, 0.6716, 0.6716, -0.0240 
0.0577, -3.5442, 4.9860, -53.6019, 102.6579, 0.1615, 0.1615, -0.1638 
0.0575, -3.4903, 4.9287, 150.0000, -150.0000, 2.2749, 2.2749, 0.6046 
0.0599, -3.4941, 4.9927, -73.8078, 50.1877, 1.3259, 1.3259, 0.1883 
0.0579, -3.5250, 4.9730, -19.9321, 24.9136, 1.0802, 1.0802, 0.0986 
0.0592, -3.4660, 4.9453, 150.0000, -150.0000, 3.2412, 3.2412, 0.8386 
0.0592, -3.5031, 4.9833, -87.5699, 62.3939, 2.3232, 2.3232, 0.3986 
0.0580, -3.4733, 4.9233, 150.0000, -150.0000, 5.0104, 5.0104, 1.2721 
0.0585, -3.4551, 4.9178, 47.0032, -115.6468, 5.7423, 5.7423, 1.3239 
0.0613, -3.4358, 4.9682, -150.0000, 150.0000, 2.9724, 2.9724, 0.2070 
0.0596, -3.4393, 4.9303, 75.0879, -63.9866, 5.1851, 5.1851, 1.0021 
0.0597, -3.4267, 4.9196, 17.9369, -29.9427, 5.7879, 5.7879, 1.0978 
0.0611, -3.4485, 4.9767, -150.0000, 150.0000, 2.9842, 2.9842, 0.0391 
0.0606, -3.4533, 4.9677, -6.5211, 47.7663, 3.7261, 3.7261, 0.3893 
0.0607, -3.4190, 4.9371, 20.6787, -24.7530, 3.9287, 3.9287, 0.4801 
0.0611, -3.4664, 4.9931, -105.1621, 133.9126, 2.5026, 2.5026, 0.0020 
0.0601, -3.4644, 4.9676, -112.4461, 149.4854, 0.6741, 0.6741, -0.5219 
0.0613, -3.4425, 4.9753, 150.0000, -150.0000, 3.1359, 3.1359, 0.4906 
0.0616, -3.4593, 4.9981, -101.5474, 98.6930, 0.8148, 0.8148, -0.3224 
0.0613, -3.4777, 5.0110, -77.7503, 83.7468, -0.5193, -0.5193, -0.6454 
0.0616, -3.4209, 4.9621, 150.0000, -150.0000, 5.4662, 5.4662, 1.5476 
0.0619, -3.4442, 4.9909, -17.5628, -0.5832, 1.4141, 1.4141, -0.0793 
0.0616, -3.4710, 5.0119, -150.0000, 150.0000, -1.1130, -1.1130, -0.8553 
0.0604, -3.4508, 4.9621, 150.0000, -150.0000, 4.3968, 4.3968, 1.2184 
0.0616, -3.4506, 4.9915, 2.2760, 3.2728, 1.1403, 1.1403, -0.0813 
0.0618, -3.4358, 4.9798, 62.8319, -75.4028, 1.7606, 1.7606, 0.1952 
0.0620, -3.3974, 4.9483, 150.0000, -150.0000, 6.0005, 6.0005, 1.6319 
0.0623, -3.4435, 5.0011, -150.0000, 150.0000, 2.0706, 2.0706, 0.0410 
0.0611, -3.4541, 4.9815, -29.1491, 23.9050, 2.0197, 2.0197, 0.0891 
0.0622, -3.3983, 4.9532, 150.0000, -150.0000, 4.5580, 4.5580, 0.9940 
0.0623, -3.4497, 5.0074, -149.9023, 144.4881, 2.2872, 2.2872, 0.1003 
0.0625, -3.3903, 4.9537, 150.0000, -150.0000, 5.0353, 5.0353, 1.0824 
0.0611, -3.4264, 4.9542, -77.3959, 52.1287, 3.5391, 3.5391, 0.4412 
0.0621, -3.4589, 5.0115, -150.0000, 150.0000, 0.9195, 0.9195, -0.4425 
0.0636, -3.3731, 4.9627, 150.0000, -150.0000, 3.1995, 3.1995, 0.4939 
0.0616, -3.4338, 4.9744, -56.3664, 81.1249, 2.3124, 2.3124, 0.1662 
0.0613, -3.4700, 5.0032, -150.0000, 150.0000, -0.1235, -0.1235, -0.6190 
0.0639, -3.3916, 4.9888, 140.2139, -122.6916, 1.4469, 1.4469, 0.0921 
0.0631, -3.4148, 4.9933, -17.7136, 24.3685, 1.1187, 1.1187, 0.0079 
0.0614, -3.4754, 5.0103, -150.0000, 150.0000, -1.1896, -1.1896, -0.7316 
0.0627, -3.4076, 4.9740, 91.2912, -74.8835, -0.3098, -0.3098, -0.2598 
0.0629, -3.4144, 4.9864, 94.3149, -101.2734, 0.6528, 0.6528, 0.1314 
0.0628, -3.4369, 5.0074, -150.0000, 150.0000, -1.3103, -1.3103, -0.5460 
0.0615, -3.4513, 4.9881, -45.5657, 21.8947, -1.8205, -1.8205, -0.6035 
0.0639, -3.3951, 4.9928, 150.0000, -150.0000, 0.2527, 0.2527, 0.2090 
0.0619, -3.4351, 4.9814, -96.6529, 104.8953, -1.4136, -1.4136, -0.4066 
0.0622, -3.4574, 5.0135, -94.3313, 70.4258, -2.5947, -2.5947, -0.7361 
0.0623, -3.4045, 4.9626, 150.0000, -150.0000, 0.0496, 0.0496, 0.2799 
0.0628, -3.4208, 4.9916, 37.3861, 0.5547, -0.7214, -0.7214, -0.0625 
0.0626, -3.4473, 5.0122, -150.0000, 150.0000, -3.1481, -3.1481, -0.8895 
0.0615, -3.4260, 4.9626, 150.0000, -150.0000, 0.6676, 0.6676, 0.5471 
0.0627, -3.4218, 4.9891, 15.8399, -12.5281, -0.5582, -0.5582, -0.0057 
0.0614, -3.4488, 4.9843, -150.0000, 138.0456, -2.3532, -2.3532, -0.6306 
0.0640, -3.3900, 4.9909, 150.0000, -150.0000, 4.9325, 4.9325, 1.9283 
0.0604, -3.4188, 4.9283, 125.9562, -144.0142, 2.0389, 2.0389, 0.5581 
0.0639, -3.4112, 5.0078, -150.0000, 150.0000, -0.9507, -0.9507, -0.5418 
0.0631, -3.3782, 4.9555, 150.0000, -150.0000, 5.3678, 5.3678, 1.7164 
0.0620, -3.4121, 4.9610, -61.2415, 58.9254, 2.1534, 2.1534, 0.3178 
0.0631, -3.3843, 4.9606, 150.0000, -150.0000, 5.7203, 5.7203, 1.5056 
0.0641, -3.3392, 4.9426, 12.1964, -73.2976, 5.1912, 5.1912, 1.0888 
0.0633, -3.3820, 4.9649, -150.0000, 150.0000, 2.1069, 2.1069, -0.0842 
0.0634, -3.3517, 4.9370, 150.0000, -150.0000, 5.7081, 5.7081, 1.2340 
0.0650, -3.3289, 4.9533, -102.0064, 116.9316, 4.4450, 4.4450, 0.6509 
0.0642, -3.3802, 4.9847, -150.0000, 150.0000, 1.9112, 1.9112, -0.2329 
0.0643, -3.3240, 4.9322, 150.0000, -150.0000, 4.2112, 4.2112, 0.6843 
0.0646, -3.3613, 4.9758, -67.3620, 89.9527, 3.3212, 3.3212, 0.3363 
0.0647, -3.3964, 5.0142, -150.0000, 150.0000, 0.8629, 0.8629, -0.4697 
0.0650, -3.3161, 4.9412, 134.8047, -117.3037, 2.4542, 2.4542, 0.2405 
0.0653, -3.3731, 5.0047, -20.0011, 26.7975, 2.1182, 2.1182, 0.1469 
0.0655, -3.3119, 4.9496, 150.0000, -150.0000, 4.2638, 4.2638, 0.9058 
0.0640, -3.3357, 4.9352, -24.5024, -14.8333, 4.0686, 4.0686, 0.7276 
0.0649, -3.3623, 4.9858, -150.0000, 150.0000, 1.8129, 1.8129, -0.0995 
0.0667, -3.3368, 5.0051, 0.8518, 41.8248, 1.9531, 1.9531, 0.0456 
0.0645, -3.3200, 4.9334, 71.9621, -87.5141, 2.7222, 2.7222, 0.3646 
0.0657, -3.3767, 5.0187, -150.0000, 150.0000, -0.0162, -0.0162, -0.5669 
0.0650, -3.3879, 5.0124, -150.0000, 150.0000, -1.5022, -1.5022, -0.8990 
0.0651, -3.3392, 4.9668, 150.0000, -150.0000, 0.3372, 0.3372, -0.0648 
0.0652, -3.3825, 5.0114, -79.6920, 107.0532, -1.3702, -1.3702, -0.6089 
0.0649, -3.3714, 4.9950, -81.8110, 57.2486, -2.5836, -2.5836, -0.8870 
0.0662, -3.3436, 4.9992, 150.0000, -150.0000, 0.0525, 0.0525, 0.1719 
0.0656, -3.3578, 4.9970, 55.0219, -17.4911, -0.7306, -0.7306, -0.1420 
0.0645, -3.3243, 4.9375, 150.0000, -150.0000, 2.0140, 2.0140, 0.7994 
0.0672, -3.3266, 5.0068, -77.8925, 81.6895, 0.5435, 0.5435, 0.1388 
0.0648, -3.3846, 5.0049, -150.0000, 150.0000, -1.3385, -1.3385, -0.5176 
0.0661, -3.3009, 4.9531, 150.0000, -150.0000, 1.1326, 1.1326, 0.4215 
0.0650, -3.3581, 4.9822, -17.7066, 22.5367, 0.3054, 0.3054, 0.0583 
0.0660, -3.3593, 5.0090, -150.0000, 150.0000, -2.1253, -2.1253, -0.7680 
0.0648, -3.3369, 4.9576, 150.0000, -150.0000, 0.2020, 0.2020, 0.1682 
0.0661, -3.3314, 4.9838, 6.6953, -1.5647, 0.0526, 0.0526, 0.0749 
0.0664, -3.2936, 4.9539, 150.0000, -150.0000, 2.9742, 2.9742, 1.0402 
0.0664, -3.3184, 4.9796, -41.2503, -3.5489, 2.2627, 2.2627, 0.5994 
0.0653, -3.3461, 4.9775, -150.0000, 150.0000, -0.1365, -0.1365, -0.3052 
0.0664, -3.2925, 4.9513, 143.1368, -141.8537, 2.1992, 2.1992, 0.5694 
0.0666, -3.3339, 5.0000, -87.5220, 105.3683, 1.3180, 1.3180, 0.1836 
0.0667, -3.3344, 5.0026, -150.0000, 150.0000, -1.1070, -1.1070, -0.6405 
0.0656, -3.3100, 4.9494, 150.0000, -150.0000, 3.6789, 3.6789, 1.1250 
0.0667, -3.3039, 4.9715, -0.9844, -2.4999, 1.4900, 1.4900, 0.1867 
0.0655, -3.3628, 4.9994, -150.0000, 150.0000, -1.8144, -1.8144, -0.9286 
0.0680, -3.2791, 4.9801, 150.0000, -150.0000, 2.0979, 2.0979, 0.6023 
0.0661, -3.3362, 4.9876, -18.8817, 31.4380, 0.8706, 0.8706, 0.0860 
0.0671, -3.2816, 4.9584, 119.4045, -150.0000, 2.4562, 2.4562, 0.6279 
0.0674, -3.3246, 5.0092, -103.5419, 123.6897, 1.3859, 1.3859, 0.1704 
0.0657, -3.3613, 5.0036, -150.0000, 150.0000, -1.0888, -1.0888, -0.6639 
0.0668, -3.2800, 4.9500, 150.0000, -150.0000, 2.8991, 2.8991, 0.8401 
0.0656, -3.3345, 4.9740, -3.8407, 5.9605, 1.2813, 1.2813, 0.1508 
0.0667, -3.3347, 5.0029, -150.0000, 150.0000, -1.8694, -1.8694, -0.9097 
0.0671, -3.3142, 4.9909, 134.3329, -116.0031, 0.3776, 0.3776, 0.0515 
0.0660, -3.3179, 4.9688, -38.0544, 43.6329, -0.1027, -0.1027, -0.1119 
0.0672, -3.3195, 5.0003, -20.5198, 14.5193, -0.3984, -0.3984, -0.1820 
0.0661, -3.2879, 4.9400, 150.0000, -150.0000, 4.6112, 4.6112, 1.5477 
0.0672, -3.3419, 5.0214, -150.0000, 150.0000, 0.2640, 0.2640, -0.2109 
0.0660, -3.2875, 4.9379, 150.0000, -150.0000, 3.2046, 3.2046, 0.8545 
0.0671, -3.3313, 5.0082, -90.1010, 70.5377, 1.3630, 1.3630, 0.0967 
0.0657, -3.2907, 4.9341, 59.0082, -73.6031, 2.0836, 2.0836, 0.3619 
0.0668, -3.2868, 4.9575, 150.0000, -150.0000, 4.4412, 4.4412, 1.1265 
0.0670, -3.3080, 4.9826, -150.0000, 150.0000, 0.4335, 0.4335, -0.3975 
0.0670, -3.2609, 4.9367, 68.6273, -91.8693, 3.2341, 3.2341, 0.6829 
0.0672, -3.3123, 4.9923, -150.0000, 150.0000, 0.8704, 0.8704, -0.1984 
0.0675, -3.3130, 5.0001, -134.0849, 150.0000, -0.4876, -0.4876, -0.5646 
0.0677, -3.2916, 4.9839, 150.0000, -150.0000, 3.7933, 3.7933, 1.0309 
0.0680, -3.2954, 4.9960, -34.8358, 64.4082, 0.9856, 0.9856, -0.0837 
0.0669, -3.2620, 4.9342, 150.0000, -150.0000, 4.1601, 4.1601, 1.0492 
0.0681, -3.3141, 5.0159, -150.0000, 150.0000, 1.1189, 1.1189, -0.1360 
0.0676, -3.3198, 5.0103, -150.0000, 150.0000, -1.9121, -1.9121, -1.0761 
0.0678, -3.2926, 4.9876, 19.4245, -24.4506, -1.2335, -1.2335, -0.5960 
0.0668, -3.3003, 4.9708, 119.3582, -100.8540, -0.3212, -0.3212, -0.1555 
0.0680, -3.2678, 4.9689, 150.0000, -150.0000, 3.0535, 3.0535, 1.0178 
0.0664, -3.2766, 4.9377, 64.9604, -119.4813, 3.0137, 3.0137, 0.8133 
0.0691, -3.2525, 4.9790, -89.1861, 104.5328, 2.2541, 2.2541, 0.4259 
0.0683, -3.3072, 5.0145, -150.0000, 150.0000, -0.1697, -0.1697, -0.4354 
0.0673, -3.2659, 4.9494, 94.0442, -73.2581, 1.2278, 1.2278, 0.1605 
0.0671, -3.2665, 4.9429, 150.0000, -150.0000, 3.4259, 3.4259, 0.8999 
0.0693, -3.2345, 4.9657, -46.3397, 8.2838, 3.1090, 3.1090, 0.6513 
0.0686, -3.2709, 4.9866, -81.4422, 98.2281, 2.2780, 2.2780, 0.2919 
0.0675, -3.3056, 4.9929, -150.0000, 150.0000, -0.1637, -0.1637, -0.5343 
0.0687, -3.2862, 5.0027, 14.8552, 30.4577, -0.0426, -0.0426, -0.3393 
0.0689, -3.2250, 4.9483, 150.0000, -150.0000, 3.9197, 3.9197, 1.0977 
0.0674, -3.2578, 4.9416, 73.5441, -138.1925, 3.2355, 3.2355, 0.6842 
0.0684, -3.2836, 4.9934, -150.0000, 150.0000, 0.8091, 0.8091, -0.2186 
0.0685, -3.2895, 5.0008, -150.0000, 150.0000, -1.2972, -1.2972, -0.8336 
0.0687, -3.2838, 5.0012, 81.1906, -22.5338, -0.3378, -0.3378, -0.3084 
0.0689, -3.2573, 4.9806, -26.6011, 16.6070, -0.8305, -0.8305, -0.3948 
0.0693, -3.2527, 4.9847, 150.0000, -150.0000, 2.0244, 2.0244, 0.6560 
0.0682, -3.2878, 4.9937, -42.2160, 48.7596, 0.5079, 0.5079, 0.0233 
0.0688, -3.2918, 5.0106, -150.0000, 150.0000, -2.1058, -2.1058, -0.8467 
0.0690, -3.2433, 4.9676, 107.2516, -108.0750, -0.5485, -0.5485, -0.1461 
0.0692, -3.2705, 5.0013, -25.9341, 19.1200, -0.8844, -0.8844, -0.2362 
0.0681, -3.2385, 4.9419, 150.0000, -150.0000, 2.0108, 2.0108, 0.7786 
0.0679, -3.2754, 4.9740, -59.0916, 66.7976, 0.5045, 0.5045, 0.1120 
0.0691, -3.2770, 5.0038, -150.0000, 150.0000, -1.3729, -1.3729, -0.5363 
0.0693, -3.2536, 4.9872, 150.0000, -150.0000, 0.3940, 0.3940, 0.1694 
0.0697, -3.2400, 4.9814, 39.9269, -46.8305, 0.8448, 0.8448, 0.2856 
0.0686, -3.2344, 4.9484, 150.0000, -150.0000, 3.2109, 3.2109, 1.0299 
0.0695, -3.2461, 4.9838, -101.5419, 71.7516, 2.3154, 2.3154, 0.5390 
0.0682, -3.2147, 4.9202, 150.0000, -150.0000, 5.0786, 5.0786, 1.3957 
0.0707, -3.2339, 5.0022, -150.0000, 150.0000, 2.7700, 2.7700, 0.3881 
0.0700, -3.2280, 4.9784, -150.0000, 150.0000, 0.7201, 0.7201, -0.3163 
0.0703, -3.2043, 4.9622, 108.8338, -110.9040, 2.4177, 2.4177, 0.3784 
0.0691, -3.2357, 4.9645, -28.6839, 34.9348, 2.1087, 2.1087, 0.2512 
0.0702, -3.2100, 4.9660, 150.0000, -150.0000, 4.2613, 4.2613, 0.9808 
0.0703, -3.2355, 4.9932, -147.2275, 137.5225, 2.5886, 2.5886, 0.2817 
0.0707, -3.2223, 4.9900, -82.5062, 105.8492, 1.4353, 1.4353, -0.0950 
0.0709, -3.2114, 4.9844, 51.9914, -60.5650, 1.8585, 1.8585, 0.1301 
0.0693, -3.2728, 5.0061, -150.0000, 150.0000, -0.2697, -0.2697, -0.5575 
0.0704, -3.1908, 4.9512, 150.0000, -150.0000, 2.1657, 2.1657, 0.4215 
0.0708, -3.2223, 4.9923, -60.4864, 86.7294, 0.5639, 0.5639, -0.1643 
0.0709, -3.2351, 5.0064, -78.2650, 78.1125, -0.5715, -0.5715, -0.4771 
0.0698, -3.2100, 4.9539, 150.0000, -150.0000, 1.7549, 1.7549, 0.4297 
0.0710, -3.2244, 5.0003, -96.5914, 104.9145, -0.1613, -0.1613, -0.2801 
0.0713, -3.2071, 4.9884, 86.9186, -97.9094, 0.7030, 0.7030, 0.0896 
0.0698, -3.2592, 5.0035, -104.1858, 107.3122, -0.5489, -0.5489, -0.3334 
0.0695, -3.2093, 4.9471, 150.0000, -150.0000, 2.0955, 2.0955, 0.6384 
0.0705, -3.2046, 4.9674, -10.7091, -4.3353, 1.2907, 1.2907, 0.2538 
0.0694, -3.2591, 4.9938, -137.9538, 150.0000, -0.3725, -0.3725, -0.3352 
0.0706, -3.2085, 4.9730, 150.0000, -150.0000, 1.8019, 1.8019, 0.4852 
0.0710, -3.2244, 4.9983, -111.0359, 124.7307, 0.0217, 0.0217, -0.1936 
0.0698, -3.2086, 4.9533, 68.7514, -83.5190, 0.7495, 0.7495, 0.1109 
0.0695, -3.2358, 4.9739, 12.5388, -16.3183, 0.9359, 0.9359, 0.1686 
0.0704, -3.1836, 4.9427, 110.2152, -141.3437, 2.4728, 2.4728, 0.6718 
0.0706, -3.2151, 4.9790, -52.8692, 59.8555, 2.1274, 2.1274, 0.4463 
0.0709, -3.2420, 5.0142, -128.8755, 150.0000, 0.5738, 0.5738, -0.1322 
0.0698, -3.1889, 4.9328, 150.0000, -150.0000, 2.6532, 2.6532, 0.6307 
0.0709, -3.2359, 5.0085, -109.7075, 107.1022, 1.2132, 1.2132, 0.0549 
0.0697, -3.1772, 4.9194, 150.0000, -150.0000, 3.4223, 3.4223, 0.8292 
0.0707, -3.2153, 4.9816, -87.0273, 63.5914, 2.3705, 2.3705, 0.3537 
0.0710, -3.2342, 5.0084, -80.0599, 100.7163, 1.3503, 1.3503, -0.0079 
0.0698, -3.2415, 4.9868, -150.0000, 150.0000, -1.8929, -1.8929, -1.0494 
0.0718, -3.2154, 5.0099, 7.8628, -5.3961, -1.2286, -1.2286, -0.5813 
0.0711, -3.1802, 4.9577, 150.0000, -150.0000, 2.1101, 2.1101, 0.6737 
0.0700, -3.2199, 4.9711, 62.7532, -63.8765, 1.2840, 1.2840, 0.2719 
0.0711, -3.1786, 4.9562, 39.1351, -52.0978, 1.9239, 1.9239, 0.4544 
0.0711, -3.1939, 4.9725, 43.3851, -59.5791, 2.7246, 2.7246, 0.6603 
0.0701, -3.2154, 4.9682, -119.3393, 145.3238, 1.4405, 1.4405, 0.1310 
0.0712, -3.2188, 5.0000, -150.0000, 150.0000, -1.8700, -1.8700, -0.9715 
0.0711, -3.2298, 5.0063, -13.4744, 17.8887, -1.2227, -1.2227, -0.5317 
0.0715, -3.1770, 4.9646, 125.1423, -104.3837, -0.1994, -0.1994, -0.0727 
0.0703, -3.2084, 4.9649, 118.5449, -140.7655, 1.2949, 1.2949, 0.4459 
0.0713, -3.1664, 4.9496, 25.5761, -38.3723, 1.9265, 1.9265, 0.5738 
0.0714, -3.1805, 4.9647, 34.3054, -50.4596, 2.7253, 2.7253, 0.7434 
0.0716, -3.2061, 4.9952, -150.0000, 150.0000, -0.0510, -0.0510, -0.3144 
0.0702, -3.2462, 5.0019, -150.0000, 150.0000, -3.7407, -3.7407, -1.4669 
0.0726, -3.1852, 4.9996, 62.3727, -29.3161, -1.0923, -1.0923, -0.2733 
0.0704, -3.2199, 4.9795, -36.3436, 26.3482, -1.5855, -1.5855, -0.3986 
0.0730, -3.1566, 4.9828, 150.0000, -150.0000, 0.8765, 0.8765, 0.4924 
0.0711, -3.2174, 4.9959, -49.6499, 74.1155, -0.3790, -0.3790, -0.0462 
0.0709, -3.2207, 4.9923, -150.0000, 148.9247, -2.3840, -2.3840, -0.7231 
0.0708, -3.2425, 5.0129, -50.9209, 2.1065, -2.8423, -2.8423, -0.7501 
0.0702, -3.2531, 5.0069, -150.0000, 143.8513, -5.1795, -5.1795, -1.4194 
0.0724, -3.2003, 5.0100, 150.0000, -150.0000, -0.8356, -0.8356, 0.2783 
0.0708, -3.1916, 4.9614, 150.0000, -150.0000, -1.5206, -1.5206, -0.0677 
0.0711, -3.1807, 4.9590, 150.0000, -150.0000, 1.5685, 1.5685, 0.9381 
0.0703, -3.2017, 4.9590, 6.0158, 45.9117, 0.5816, 0.5816, 0.3824 
0.0715, -3.1924, 4.9792, -125.7741, 124.8292, -0.6282, -0.6282, -0.1188 
0.0701, -3.2468, 5.0000, -94.1125, 73.2740, -1.6560, -1.6560, -0.4536 
0.0708, -3.2261, 4.9963, -145.2663, 110.2229, -3.3900, -3.3900, -0.9645 
0.0719, -3.2026, 5.0003, 150.0000, -150.0000, 0.4984, 0.4984, 0.5100 
0.0712, -3.1639, 4.9430, 150.0000, -150.0000, 0.8498, 0.8498, 0.4943 
0.0700, -3.1823, 4.9312, 150.0000, -150.0000, 3.6601, 3.6601, 1.3260 
0.0724, -3.1351, 4.9459, 16.1241, -11.0984, 3.1407, 3.1407, 0.8899 
0.0731, -3.1184, 4.9458, 150.0000, -150.0000, 5.7320, 5.7320, 1.6138 
0.0737, -3.0904, 4.9327, -144.9873, 115.1937, 4.6229, 4.6229, 0.9695 
0.0730, -3.1332, 4.9582, -150.0000, 150.0000, 1.9907, 1.9907, -0.0364 
0.0736, -3.1472, 4.9868, -53.0821, 105.9756, 1.9976, 1.9976, 0.0514 
0.0738, -3.0919, 4.9373, 150.0000, -150.0000, 5.1724, 5.1724, 1.1813 
0.0750, -3.0688, 4.9445, 40.1220, -98.6089, 4.9025, 4.9025, 0.9289 
0.0740, -3.0624, 4.9116, 96.5923, -128.8715, 6.5259, 6.5259, 1.3798 
0.0754, -3.0767, 4.9621, -150.0000, 150.0000, 4.6569, 4.6569, 0.5790 
0.0759, -3.0067, 4.9045, 150.0000, -150.0000, 7.3604, 7.3604, 1.4893 
0.0765, -3.0453, 4.9575, -150.0000, 150.0000, 5.6252, 5.6252, 0.7316 
0.0758, -3.0466, 4.9426, -30.7909, 55.4110, 5.2861, 5.2861, 0.6074 
0.0774, -3.0431, 4.9771, -150.0000, 150.0000, 2.8218, 2.8218, -0.2085 
0.0766, -3.0136, 4.9291, 144.2674, -130.4048, 4.5925, 4.5925, 0.5568 
0.0753, -3.0683, 4.9510, -150.0000, 150.0000, -0.3007, -0.3007, -1.0895 
0.0762, -3.0766, 4.9818, -150.0000, 150.0000, -0.8080, -0.8080, -0.9451 
0.0784, -3.0334, 4.9922, 109.4796, -18.6284, 0.0953, 0.0953, -0.3870 
0.0778, -3.0491, 4.9940, 56.1150, -63.2757, 0.4482, 0.4482, -0.1482 
0.0781, -3.0441, 4.9960, 12.4856, -11.7109, 0.4100, 0.4100, -0.0998 
0.0782, -3.0377, 4.9938, 20.4399, -22.9293, 0.5327, 0.5327, -0.0131 
0.0784, -3.0340, 4.9946, -1.5562, 3.6153, 0.4312, 0.4312, -0.0235 
0.0758, -3.0543, 4.9490, 55.9699, -69.6792, 1.1071, 1.1071, 0.2278 
0.0791, -3.0092, 4.9860, 72.9047, -94.6315, 2.1797, 2.1797, 0.5629 
0.0769, -3.0626, 4.9839, -150.0000, 150.0000, -0.7629, -0.7629, -0.5173 
0.0784, -3.0351, 4.9938, 11.8883, 28.5146, 0.1865, 0.1865, -0.0703 
0.0779, -3.0651, 5.0130, -150.0000, 150.0000, -2.6617, -2.6617, -1.0034 
0.0760, -3.1059, 5.0064, -150.0000, 133.8768, -4.3594, -4.3594, -1.3745 
0.0793, -3.0271, 5.0097, 150.0000, -150.0000, -2.1849, -2.1849, -0.3916 
0.0770, -3.0778, 5.0027, 26.2070, -57.4697, -2.5250, -2.5250, -0.4707 
0.0775, -3.0276, 4.9652, 92.3663, -75.0791, -1.6707, -1.6707, -0.1358 
0.0779, -3.0374, 4.9849, 59.4430, -45.5205, -0.9838, -0.9838, 0.0741 
0.0783, -3.0244, 4.9819, 26.9905, -18.0261, -0.5419, -0.5419, 0.1641 
0.0772, -3.0571, 4.9874, -24.7570, 23.1754, -0.6199, -0.6199, 0.0683 
0.0785, -3.0148, 4.9767, 70.2845, -63.8926, 0.3048, 0.3048, 0.3366 
0.0773, -3.0609, 4.9931, -96.6136, 91.7218, -0.5459, -0.5459, -0.0401 
0.0778, -3.0659, 5.0107, -150.0000, 139.5672, -2.3976, -2.3976, -0.6734 
0.0773, -3.0642, 4.9958, -110.9026, 59.9079, -3.5826, -3.5826, -0.9608 
0.0773, -3.0965, 5.0279, -127.9416, 92.5497, -5.3487, -5.3487, -1.4018 
0.0762, -3.0815, 4.9870, 150.0000, -150.0000, -2.3973, -2.3973, -0.1856 
0.0763, -3.0553, 4.9637, 150.0000, -143.8231, -2.0206, -2.0206, -0.0927 
0.0783, -3.0145, 4.9719, 150.0000, -88.7240, -0.6640, -0.6640, 0.3172 
0.0765, -3.0512, 4.9649, 51.1446, -12.5405, -0.0907, -0.0907, 0.3907 
0.0791, -2.9979, 4.9755, 76.2417, -101.1346, 1.3178, 1.3178, 0.7454 
0.0771, -3.0266, 4.9536, -57.2632, 61.0069, 1.1332, 1.1332, 0.5089 
0.0796, -2.9747, 4.9640, 64.8767, -90.0913, 2.3783, 2.3783, 0.8188 
0.0788, -2.9889, 4.9580, 9.1474, -22.2873, 3.0288, 3.0288, 0.8817 
0.0805, -2.9521, 4.9640, -39.3535, 39.7796, 3.0076, 3.0076, 0.7234 
0.0798, -3.0008, 4.9960, -150.0000, 150.0000, 0.0587, 0.0587, -0.3761 
0.0800, -3.0034, 5.0021, -150.0000, 150.0000, -3.6648, -3.6648, -1.5173 
0.0797, -3.0136, 5.0064, -2.3027, 28.6229, -1.7060, -1.7060, -0.5384 
0.0801, -2.9564, 4.9586, 150.0000, -130.7322, -0.2735, -0.2735, 0.0426 
0.0805, -2.9700, 4.9835, 22.9062, -9.0722, -0.0737, -0.0737, 0.0870 
0.0794, -2.9859, 4.9706, 53.6390, -66.8742, 0.7260, 0.7260, 0.3280 
0.0806, -2.9558, 4.9705, -14.6474, 13.7871, 0.7684, 0.7684, 0.2711 
0.0792, -2.9691, 4.9498, 66.5191, -88.2692, 1.8414, 1.8414, 0.5807 
0.0803, -2.9709, 4.9791, -17.7037, 15.3583, 1.9573, 1.9573, 0.5146 
0.0805, -2.9371, 4.9486, -5.9328, 2.0266, 2.1503, 2.1503, 0.4987 
0.0807, -2.9654, 4.9832, -25.4120, 27.6341, 2.0405, 2.0405, 0.3926 
0.0795, -2.9982, 4.9862, -150.0000, 150.0000, -0.1945, -0.1945, -0.4030 
0.0807, -2.9541, 4.9722, 121.1431, -108.3391, 1.4083, 1.4083, 0.2515 
0.0810, -2.9780, 5.0023, -144.4294, 150.0000, -0.3621, -0.3621, -0.3686 
0.0813, -2.9496, 4.9817, 150.0000, -150.0000, 2.1105, 2.1105, 0.5628 
0.0800, -3.0041, 5.0035, -130.6250, 150.0000, -0.1762, -0.1762, -0.2987 
0.0812, -2.9166, 4.9462, 150.0000, -150.0000, 2.8768, 2.8768, 0.8146 
0.0812, -2.9956, 5.0245, -144.9603, 148.0875, 0.0243, 0.0243, -0.2847 
0.0801, -2.9413, 4.9435, 150.0000, -150.0000, 2.9298, 2.9298, 0.7821 
0.0798, -2.9898, 4.9842, -102.9220, 87.4134, 0.7887, 0.7887, -0.0653 
0.0809, -2.9337, 4.9559, 150.0000, -150.0000, 3.8878, 3.8878, 1.0293 
0.0797, -2.9874, 4.9799, -150.0000, 150.0000, 1.0464, 1.0464, -0.0926 
0.0810, -2.9724, 4.9968, -51.6788, 62.5735, 0.2517, 0.2517, -0.2938 
0.0812, -2.9627, 4.9922, 65.1969, -76.3485, 0.8013, 0.8013, -0.0107 
0.0801, -2.9556, 4.9572, 19.4335, -22.4710, 0.9511, 0.9511, 0.0731 
0.0812, -2.9487, 4.9798, 6.1007, -6.8291, 0.9870, 0.9870, 0.0989 
0.0800, -2.9777, 4.9787, 2.5582, -2.7566, 0.9968, 0.9968, 0.1096 
0.0812, -2.9494, 4.9798, 1.3004, -1.3480, 0.9992, 0.9992, 0.1149 
0.0815, -2.9445, 4.9809, 0.7984, -0.8114, 0.9998, 0.9998, 0.1181 
0.0802, -2.9622, 4.9676, 55.4292, -70.4230, 1.7396, 1.7396, 0.3698 
0.0799, -2.9646, 4.9614, 3.0543, -7.0070, 1.9348, 1.9348, 0.3899 
0.0824, -2.9458, 5.0068, -62.0862, 75.9968, 1.2481, 1.2481, 0.1137 
0.0791, -3.0031, 4.9795, -127.7169, 144.8281, -0.4045, -0.4045, -0.4314 
0.0825, -2.9384, 5.0010, 56.4914, -50.4950, -0.1090, -0.1090, -0.2174 
0.0804, -2.9582, 4.9690, 22.8093, -21.1933, -0.0294, -0.0294, -0.1294 
0.0818, -2.9235, 4.9677, 150.0000, -150.0000, 2.4124, 2.4124, 0.7323 
0.0802, -2.9405, 4.9461, 20.7435, -72.2554, 2.5714, 2.5714, 0.6566 
0.0811, -2.9252, 4.9532, 56.3307, -78.4742, 3.6693, 3.6693, 0.9262 
0.0813, -2.9474, 4.9787, -138.9701, 150.0000, 2.2709, 2.2709, 0.3139 
0.0813, -2.9323, 4.9654, 95.8698, -105.3651, 3.5931, 3.5931, 0.7508 
0.0815, -2.9617, 4.9980, -150.0000, 150.0000, 1.6869, 1.6869, 0.0169 
0.0816, -2.9086, 4.9486, 130.8993, -127.9356, 3.4459, 3.4459, 0.6684 
0.0817, -2.9615, 5.0049, -150.0000, 150.0000, 1.6479, 1.6479, -0.0097 
0.0821, -2.9275, 4.9806, 36.6385, -6.2657, 1.9422, 1.9422, 0.1542 
0.0825, -2.9324, 4.9944, -44.7460, 58.7668, 1.2501, 1.2501, -0.0528 
0.0798, -2.9531, 4.9481, 59.5680, -71.5490, 1.8414, 1.8414, 0.2094 
0.0818, -2.9241, 4.9684, 0.2548, 0.0965, 1.8241, 1.8241, 0.2098 
0.0833, -2.9152, 4.9969, 13.4328, -16.7266, 1.9868, 1.9868, 0.2701 
0.0812, -2.9440, 4.9750, -10.8984, 13.4219, 1.8621, 1.8621, 0.2214 
0.0809, -2.9809, 5.0033, -150.0000, 150.0000, -0.2097, -0.2097, -0.4744 
0.0820, -2.9026, 4.9534, 132.0721, -117.7742, 1.1565, 1.1565, 0.1211 
0.0809, -2.9821, 5.0053, -121.1591, 136.6628, -0.3922, -0.3922, -0.3945 
0.0834, -2.9076, 4.9937, 89.9671, -89.3871, 0.3636, 0.3636, -0.0358 
0.0812, -2.9647, 4.9953, -2.1387, 4.3890, 0.2527, 0.2527, -0.0489 
0.0809, -2.9207, 4.9437, 82.1312, -102.9256, 1.2779, 1.2779, 0.3213 
0.0834, -2.9363, 5.0220, -116.4983, 140.3751, -0.1008, -0.1008, -0.1925 
0.0812, -2.9116, 4.9425, 110.9739, -132.9669, 1.1849, 1.1849, 0.2954 
0.0811, -2.9688, 4.9951, -150.0000, 150.0000, -0.9050, -0.9050, -0.4541 
0.0822, -2.9203, 4.9751, 139.6624, -132.8694, 0.8500, 0.8500, 0.2405 
0.0823, -2.9452, 5.0038, -150.0000, 150.0000, -1.6391, -1.6391, -0.6398 
0.0812, -2.9170, 4.9478, 150.0000, -150.0000, 0.6563, 0.6563, 0.2653 
0.0810, -2.9758, 5.0003, -150.0000, 150.0000, -2.2379, -2.2379, -0.7664 
0.0821, -2.9262, 4.9785, 150.0000, -149.0172, 0.3599, 0.3599, 0.2564 
0.0821, -2.9512, 5.0041, -150.0000, 150.0000, -2.3131, -2.3131, -0.7091 
0.0805, -2.9850, 4.9987, -150.0000, 139.5659, -3.6536, -3.6536, -1.0351 
0.0824, -2.9458, 5.0049, 98.7518, -124.0874, -2.5676, -2.5676, -0.4950 
0.0816, -2.9445, 4.9833, -12.2265, 6.8124, -2.8357, -2.8357, -0.5330 
0.0813, -2.9738, 5.0066, 1.8943, -4.3623, -2.9579, -2.9579, -0.5205 
0.0816, -2.9323, 4.9711, 66.8894, -55.0099, -2.3699, -2.3699, -0.2767 
0.0805, -2.9416, 4.9534, 80.9514, -63.2971, -1.4978, -1.4978, 0.0118 
0.0816, -2.9341, 4.9753, 11.9626, -6.1970, -1.2134, -1.2134, 0.0481 
0.0820, -2.9145, 4.9650, 69.8353, -51.6330, -0.3160, -0.3160, 0.2910 
0.0809, -2.9085, 4.9322, 150.0000, -150.0000, 2.8145, 2.8145, 1.2482 
0.0820, -2.9199, 4.9697, -103.5660, 80.2949, 1.4634, 1.4634, 0.5233 
0.0833, -2.8607, 4.9444, 108.0781, -144.4698, 3.2634, 3.2634, 1.0284 
0.0827, -2.9042, 4.9709, -150.0000, 150.0000, 1.5780, 1.5780, 0.2734 
0.0829, -2.8840, 4.9567, 99.8218, -100.4045, 3.2923, 3.2923, 0.8289 
0.0845, -2.8749, 4.9876, -150.0000, 150.0000, 1.5854, 1.5854, 0.1276 
0.0825, -2.8873, 4.9490, 80.0511, -68.1262, 2.7013, 2.7013, 0.5252 
0.0822, -2.9188, 4.9727, -150.0000, 150.0000, 0.7023, 0.7023, -0.2057 
0.0832, -2.8681, 4.9469, 141.0611, -136.4748, 2.4744, 2.4744, 0.4803 
0.0849, -2.8795, 5.0023, -104.6991, 129.7509, 1.2370, 1.2370, 0.0114 
0.0828, -2.8987, 4.9691, 55.3577, -67.5365, 1.8381, 1.8381, 0.2572 
0.0842, -2.8807, 4.9845, -58.7880, 74.2728, 1.0740, 1.0740, -0.0090 
0.0829, -2.8740, 4.9471, 20.6527, -23.3609, 1.2076, 1.2076, 0.0791 
0.0826, -2.9356, 5.0016, -150.0000, 150.0000, -1.1666, -1.1666, -0.7006 
0.0842, -2.9118, 5.0176, -128.6617, 102.5394, -2.4977, -2.4977, -0.9833 
0.0834, -2.9015, 4.9875, 85.1431, -77.6964, -2.1295, -2.1295, -0.6577 
0.0843, -2.9052, 5.0130, -30.2690, 17.5017, -2.7611, -2.7611, -0.7532 
0.0838, -2.8728, 4.9676, 150.0000, -127.9810, -1.4498, -1.4498, -0.1882 
0.0841, -2.8640, 4.9677, 150.0000, -150.0000, 1.1373, 1.1373, 0.6870 
0.0832, -2.9053, 4.9852, -91.7269, 116.4320, -0.4542, -0.4542, -0.0135 
0.0843, -2.8490, 4.9576, 142.5274, -150.0000, 1.3855, 1.3855, 0.5943 
0.0847, -2.8930, 5.0100, -107.6462, 117.0116, 0.3609, 0.3609, 0.1222 
0.0834, -2.8450, 4.9302, 85.3701, -110.2716, 1.5888, 1.5888, 0.5135 
0.0847, -2.8911, 5.0098, -110.8363, 134.6614, 0.4139, 0.4139, 0.0225 
0.0848, -2.8446, 4.9652, 90.3972, -114.4923, 1.6022, 1.6022, 0.4323 
0.0837, -2.9008, 4.9927, -150.0000, 150.0000, -0.3353, -0.3353, -0.2912 
0.0848, -2.8474, 4.9675, 150.0000, -150.0000, 2.1175, 2.1175, 0.6113 
0.0849, -2.8359, 4.9591, 7.1585, -15.8556, 2.0316, 2.0316, 0.4783 
0.0851, -2.8499, 4.9763, 35.9590, -50.3410, 2.7429, 2.7429, 0.6509 
0.0839, -2.8598, 4.9574, -63.4252, 74.3952, 2.2003, 2.2003, 0.3752 
0.0849, -2.8563, 4.9785, 36.0694, -47.9433, 2.7877, 2.7877, 0.5433 
0.0838, -2.8815, 4.9756, -112.2026, 138.7916, 1.4736, 1.4736, 0.0413 
0.0846, -2.8320, 4.9481, 118.7141, -148.1458, 2.9285, 2.9285, 0.5750 
0.0847, -2.8531, 4.9702, 11.8245, -19.3084, 3.2995, 3.2995, 0.6373 
0.0865, -2.8379, 5.0000, -112.1063, 138.0068, 2.0174, 2.0174, 0.1370 
0.0845, -2.8831, 4.9967, -72.7785, 94.9989, 0.9209, 0.9209, -0.1985 
0.0843, -2.8510, 4.9585, 51.4843, -59.1230, 1.2976, 1.2976, 0.0227 
0.0855, -2.8550, 4.9914, -26.4312, 36.5086, 0.8006, 0.8006, -0.1032 
0.0856, -2.8448, 4.9859, 40.2353, -47.0633, 1.1373, 1.1373, 0.0714 
0.0844, -2.8920, 5.0028, -79.4358, 102.4400, -0.0034, -0.0034, -0.2923 
0.0856, -2.8260, 4.9661, 47.0729, -53.8012, 0.3349, 0.3349, -0.0906 
0.0840, -2.9146, 5.0137, -150.0000, 137.1694, -1.5552, -1.5552, -0.6888 
0.0851, -2.8485, 4.9765, 81.9715, -81.7027, -0.9542, -0.9542, -0.3376 
0.0844, -2.9068, 5.0164, -143.8375, 109.5017, -2.6499, -2.6499, -0.8443 
0.0846, -2.8541, 4.9690, 150.0000, -143.5948, -1.2343, -1.2343, -0.2126 
0.0858, -2.8682, 5.0123, -113.9115, 106.0520, -2.7219, -2.7219, -0.6970 
0.0847, -2.8771, 4.9941, -61.3153, 42.4947, -3.6553, -3.6553, -0.9046 
0.0860, -2.8488, 4.9985, 150.0000, -150.0000, 1.2089, 1.2089, 0.8714 
0.0838, -2.8446, 4.9396, 150.0000, -150.0000, 2.3977, 2.3977, 1.0564 
0.0849, -2.8046, 4.9260, 150.0000, -150.0000, 3.6626, 3.6626, 1.2559 
0.0864, -2.8225, 4.9835, -16.9462, 29.5716, 3.0288, 3.0288, 0.8024 
0.0856, -2.8095, 4.9498, 27.5392, -43.6506, 3.8286, 3.8286, 0.9447 
0.0874, -2.7850, 4.9697, -91.2709, 106.5195, 3.0715, 3.0715, 0.5492 
0.0851, -2.7972, 4.9257, 44.5876, -60.0623, 3.8398, 3.8398, 0.7585 
0.0892, -2.7727, 5.0028, -77.8150, 93.2312, 3.0744, 3.0744, 0.4164 
0.0861, -2.7960, 4.9490, 7.4301, -10.1172, 3.2077, 3.2077, 0.4515 
0.0875, -2.8170, 5.0045, -92.4216, 116.5289, 2.0145, 2.0145, 0.0336 
0.0862, -2.8237, 4.9793, -149.6222, 150.0000, -0.1739, -0.1739, -0.6396 
0.0888, -2.7867, 5.0062, 58.4995, -18.9507, -0.0452, -0.0452, -0.4108 
0.0881, -2.7839, 4.9875, 145.0360, -150.0000, 1.4869, 1.4869, 0.2278 
0.0870, -2.7829, 4.9588, 133.1452, -150.0000, 3.3231, 3.3231, 0.8347 
0.0878, -2.7399, 4.9342, 5.6554, -60.2770, 3.8238, 3.8238, 0.8774 
0.0891, -2.7452, 4.9723, 48.8339, -70.1471, 4.8866, 4.8866, 1.1154 
0.0883, -2.7437, 4.9512, -52.3553, 56.2051, 4.6942, 4.6942, 0.8983 
0.0884, -2.7684, 4.9790, -150.0000, 150.0000, 2.9392, 2.9392, 0.2123 
0.0902, -2.7415, 4.9976, -9.4421, 49.4004, 2.7078, 2.7078, 0.1806 
0.0897, -2.7490, 4.9922, -59.0203, 78.3198, 1.7537, 1.7537, -0.0941 
0.0900, -2.7344, 4.9843, 61.9581, -72.4480, 2.2720, 2.2720, 0.1747 
0.0884, -2.7951, 5.0047, -150.0000, 150.0000, -1.6100, -1.6100, -1.1026 
0.0903, -2.7543, 5.0115, -52.6857, 75.1679, -1.1619, -1.1619, -0.6810 
0.0882, -2.7792, 4.9834, 51.7211, -49.2457, -1.0399, -1.0399, -0.4790 
0.0908, -2.7290, 4.9980, 98.8737, -83.2716, -0.2708, -0.2708, -0.1148 
0.0894, -2.7735, 5.0074, -116.3620, 90.0908, -1.5662, -1.5662, -0.5277 
0.0882, -2.7803, 4.9852, -5.4225, -1.0774, -1.8871, -1.8871, -0.5364 
0.0899, -2.7657, 5.0128, -56.7179, 39.7460, -2.7263, -2.7263, -0.7293 
0.0892, -2.7492, 4.9787, 79.9178, -69.0571, -2.1891, -2.1891, -0.4313 
0.0895, -2.7459, 4.9833, 150.0000, -150.0000, 0.1268, 0.1268, 0.3976 
0.0901, -2.7251, 4.9764, 64.5386, -26.8458, 0.3294, 0.3294, 0.3514 
0.0887, -2.7292, 4.9470, 93.4605, -125.3424, 1.9019, 1.9019, 0.7890 
0.0898, -2.7535, 4.9995, -150.0000, 150.0000, -0.9861, -0.9861, -0.3510 
0.0901, -2.7473, 4.9994, -109.6111, 127.9663, -0.9962, -0.9962, -0.2861 
0.0900, -2.7486, 4.9991, 11.8489, -11.9073, -0.9991, -0.9991, -0.2386 
0.0890, -2.7218, 4.9459, 139.2911, -128.9539, 0.4895, 0.4895, 0.2979 
0.0913, -2.7427, 5.0245, -150.0000, 150.0000, -1.3767, -1.3767, -0.4029 
0.0893, -2.7141, 4.9454, 142.4048, -140.4477, 0.3930, 0.3930, 0.2636 
0.0891, -2.7717, 4.9998, -150.0000, 150.0000, -1.4007, -1.4007, -0.4061 
0.0903, -2.7340, 4.9908, 87.5887, -87.0172, -0.3648, -0.3648, 0.0128 
0.0899, -2.7633, 5.0107, -150.0000, 150.0000, -2.3531, -2.3531, -0.6757 
0.0901, -2.7183, 4.9697, 81.5402, -101.4375, -1.3459, -1.3459, -0.2212 
0.0889, -2.7112, 4.9344, 150.0000, -150.0000, 1.0995, 1.0995, 0.6200 
0.0902, -2.7540, 5.0098, -96.9664, 115.2596, -0.4439, -0.4439, -0.0457 
0.0890, -2.7100, 4.9359, 86.0780, -89.3322, 0.6043, 0.6043, 0.3051 
0.0902, -2.7363, 4.9912, 4.9235, -10.9748, 0.9026, 0.9026, 0.3369 
0.0903, -2.6938, 4.9516, 43.4386, -59.8904, 1.7142, 1.7142, 0.5436 
0.0894, -2.7407, 4.9747, -120.0337, 146.0722, 0.4300, 0.4300, 0.0114 
0.0904, -2.6945, 4.9540, 89.3564, -112.8984, 1.5910, 1.5910, 0.4159 
0.0906, -2.7511, 5.0157, -150.0000, 150.0000, -0.3640, -0.3640, -0.3090 
0.0896, -2.7119, 4.9515, 82.7743, -63.4609, 0.6385, 0.6385, 0.1084 
0.0893, -2.7131, 4.9466, 150.0000, -150.0000, 3.0953, 3.0953, 0.9287 
0.0915, -2.6754, 4.9629, -15.7961, -32.4857, 3.0235, 3.0235, 0.7417 
0.0906, -2.6877, 4.9535, 26.2793, -40.8314, 3.7457, 3.7457, 0.8760 
0.0909, -2.6949, 4.9682, -72.4164, 83.7394, 3.1835, 3.1835, 0.5636 
0.0912, -2.7111, 4.9920, -77.4681, 95.1465, 2.3082, 2.3082, 0.2184 
0.0916, -2.6969, 4.9874, -68.0138, 87.9955, 1.3215, 1.3215, -0.0936 
0.0905, -2.6965, 4.9593, 1.8781, 2.9088, 1.0853, 1.0853, -0.0957 
0.0917, -2.6639, 4.9560, 150.0000, -150.0000, 3.2154, 3.2154, 0.6924 
0.0901, -2.6872, 4.9409, -8.4376, -31.3766, 3.0530, 3.0530, 0.5502 
0.0912, -2.6896, 4.9691, -15.5900, 16.3756, 3.0141, 3.0141, 0.4863 
0.0915, -2.7173, 5.0049, -121.0799, 150.0000, 1.4943, 1.4943, -0.0595 
0.0904, -2.6964, 4.9564, -8.4862, 17.6639, 1.1312, 1.1312, -0.1082 
0.0916, -2.6663, 4.9554, 150.0000, -150.0000, 3.9778, 3.9778, 0.9269 
0.0918, -2.7195, 5.0142, -150.0000, 150.0000, 0.3143, 0.3143, -0.4384 
0.0905, -2.6726, 4.9344, 108.0972, -131.5361, 2.2885, 2.2885, 0.3711 
0.0915, -2.6934, 4.9801, 33.4167, -44.2567, 2.8249, 2.8249, 0.5264 
0.0904, -2.7168, 4.9757, -112.6228, 139.7633, 1.4834, 1.4834, 0.0217 
0.0915, -2.6952, 4.9836, -14.7745, 22.1614, 1.1190, 1.1190, -0.0522 
0.0919, -2.7042, 5.0009, -46.2598, 62.8378, 0.3017, 0.3017, -0.2704 
0.0908, -2.6746, 4.9445, 150.0000, -150.0000, 2.2851, 2.2851, 0.4913 
0.0906, -2.7307, 4.9954, -150.0000, 150.0000, -0.1306, -0.1306, -0.3857 
0.0915, -2.6845, 4.9731, 120.2327, -143.4218, 1.4451, 1.4451, 0.2569 
0.0918, -2.6846, 4.9799, -30.6338, 37.4359, 1.1096, 1.1096, 0.1208 
0.0908, -2.7258, 4.9963, -59.5723, 76.2190, 0.2889, 0.2889, -0.1508 
0.0915, -2.7175, 5.0051, -72.0088, 64.0081, -0.6833, -0.6833, -0.4229 
0.0917, -2.6880, 4.9804, 3.3208, -8.0398, -0.9159, -0.9159, -0.4001 
0.0907, -2.6854, 4.9520, 143.2654, -134.3244, 0.4752, 0.4752, 0.1550 
0.0919, -2.6973, 4.9937, -100.0152, 97.2982, -0.6091, -0.6091, -0.2396 
0.0921, -2.6662, 4.9695, 150.0000, -150.0000, 1.3216, 1.3216, 0.4610 
0.0911, -2.7068, 4.9842, -77.7636, 83.3976, 0.3314, 0.3314, 0.0381 
0.0909, -2.7187, 4.9918, -17.9495, 22.9244, 0.0862, 0.0862, -0.0436 
0.0919, -2.6992, 4.9970, -17.8746, 16.2847, -0.1646, -0.1646, -0.1120 
0.0908, -2.6682, 4.9371, 150.0000, -150.0000, 2.5119, 2.5119, 0.8186 
0.0919, -2.7132, 5.0110, -115.2442, 104.8551, 0.6766, 0.6766, 0.0478 
0.0908, -2.7055, 4.9746, -100.0059, 102.4564, -0.5558, -0.5558, -0.3571 
0.0920, -2.6795, 4.9789, 150.0000, -150.0000, 1.3602, 1.3602, 0.3758 
0.0923, -2.6845, 4.9916, -65.0346, 69.1239, 0.3543, 0.3543, -0.0254 
0.0911, -2.7186, 4.9967, -14.4833, 19.8713, 0.0887, 0.0887, -0.0941 
0.0909, -2.6910, 4.9635, 16.7240, -19.1387, 0.2077, 0.2077, -0.0224 
0.0921, -2.6581, 4.9594, 150.0000, -150.0000, 2.8163, 2.8163, 0.8723 
0.0909, -2.7082, 4.9809, -150.0000, 150.0000, -0.7074, -0.7074, -0.4730 
0.0921, -2.6767, 4.9789, 18.6385, -25.5357, 0.5477, 0.5477, 0.0660 
0.0909, -2.7037, 4.9754, 25.4991, -32.4163, 0.8887, 0.8887, 0.1818 
0.0921, -2.6987, 5.0018, -118.5028, 126.3929, -0.4997, -0.4997, -0.3080 
0.0910, -2.6714, 4.9453, 150.0000, -150.0000, 2.0745, 2.0745, 0.6344 
0.0903, -2.6786, 4.9373, 92.5840, -138.4184, 2.7628, 2.7628, 0.7540 
0.0929, -2.6526, 4.9740, -72.0500, 83.3127, 2.2056, 2.2056, 0.4433 
0.0921, -2.7070, 5.0106, -150.0000, 150.0000, -1.6271, -1.6271, -0.9005 
0.0913, -2.6747, 4.9582, 48.5490, -10.0068, 0.3040, 0.3040, -0.0396 
0.0925, -2.6904, 5.0029, -80.9800, 73.3609, -0.6796, -0.6796, -0.3483 
0.0914, -2.6798, 4.9650, 67.2650, -57.0656, -0.1769, -0.1769, -0.0996 
0.0925, -2.6518, 4.9633, 127.4213, -150.0000, 1.4130, 1.4130, 0.4602 
0.0912, -2.7056, 4.9867, -150.0000, 150.0000, -1.1132, -1.1132, -0.4775 
0.0924, -2.6536, 4.9640, 137.6242, -135.6175, 1.1910, 1.1910, 0.4017 
0.0913, -2.6975, 4.9811, -85.2062, 103.3078, 0.2986, 0.2986, 0.0247 
0.0925, -2.6617, 4.9736, 39.6825, -50.2688, 0.8204, 0.8204, 0.2046 
0.0913, -2.7221, 5.0045, -150.0000, 150.0000, -2.0270, -2.0270, -0.7870 
0.0937, -2.6536, 4.9960, 71.5617, -65.6329, -0.5282, -0.5282, -0.1210 
0.0902, -2.6815, 4.9368, 150.0000, -150.0000, 2.1007, 2.1007, 0.7826 
0.0924, -2.6636, 4.9727, -95.8674, 95.8950, 0.5268, 0.5268, 0.0954 
0.0911, -2.6886, 4.9650, 23.9127, -31.0541, 0.8788, 0.8788, 0.2054 
0.0922, -2.6894, 4.9954, -150.0000, 150.0000, -1.2518, -1.2518, -0.5424 
0.0926, -2.6793, 4.9938, 76.8771, -65.4152, -0.3139, -0.3139, -0.1101 
0.0914, -2.7093, 4.9938, -150.0000, 150.0000, -3.0422, -3.0422, -1.0094 
0.0938, -2.6530, 4.9971, 150.0000, -150.0000, -0.7906, -0.7906, -0.0607 
0.0903, -2.6791, 4.9368, 150.0000, -150.0000, 1.3018, 1.3018, 0.6340 
0.0939, -2.6575, 5.0054, -80.8200, 80.3092, 0.3390, 0.3390, 0.1677 
0.0917, -2.6800, 4.9738, 27.5878, -37.6965, 0.8373, 0.8373, 0.2983 
0.0930, -2.6786, 5.0023, -150.0000, 150.0000, -1.2625, -1.2625, -0.4685 
0.0918, -2.6509, 4.9450, 150.0000, -150.0000, 1.1523, 1.1523, 0.4397 
0.0912, -2.6540, 4.9345, 113.4773, -148.0924, 2.5465, 2.5465, 0.8214 
0.0922, -2.6786, 4.9837, -150.0000, 150.0000, 0.6622, 0.6622, 0.0345 
0.0940, -2.6506, 5.0014, -5.1125, 38.1143, 0.9169, 0.9169, 0.1349 
0.0907, -2.6920, 4.9602, -51.8658, 65.6240, 0.2387, 0.2387, -0.1000 
0.0929, -2.6368, 4.9593, 150.0000, -150.0000, 2.2946, 2.2946, 0.6327 
0.0912, -2.6546, 4.9356, 25.8601, -78.2748, 2.8264, 2.8264, 0.7082 
0.0924, -2.6651, 4.9749, -72.0388, 84.3932, 2.2151, 2.2151, 0.3954 
0.0941, -2.6597, 5.0127, -132.1244, 150.0000, 0.5552, 0.5552, -0.2004 
0.0923, -2.6628, 4.9707, -10.2509, 34.3474, 0.1445, 0.1445, -0.2581 
0.0936, -2.6330, 4.9742, 150.0000, -150.0000, 2.2705, 2.2705, 0.5422 
0.0922, -2.6589, 4.9638, -5.9288, -33.0613, 2.0678, 2.0678, 0.3962 
0.0920, -2.6752, 4.9752, -69.3227, 85.4165, 1.2732, 1.2732, 0.0867 
0.0931, -2.6803, 5.0067, -150.0000, 150.0000, -1.1814, -1.1814, -0.7200 
0.0927, -2.6885, 5.0059, 4.9367, -0.3384, -1.0465, -1.0465, -0.5027 
0.0930, -2.6299, 4.9542, 150.0000, -150.0000, 1.9698, 1.9698, 0.6268 
0.0933, -2.6414, 4.9738, 25.7195, -25.6632, 1.0437, 1.0437, 0.2000 
0.0922, -2.6356, 4.9402, 150.0000, -150.0000, 4.1736, 4.1736, 1.2349 
0.0930, -2.6392, 4.9644, -52.1355, 9.4215, 3.1549, 3.1549, 0.6769 
0.0931, -2.6389, 4.9657, -9.4975, 6.3051, 3.3133, 3.3133, 0.6453 
0.0932, -2.6691, 4.9996, -150.0000, 150.0000, 0.1784, 0.1784, -0.4820 
0.0931, -2.6763, 5.0039, -150.0000, 150.0000, -0.9478, -0.9478, -0.7108 
0.0932, -2.6214, 4.9522, 150.0000, -150.0000, 2.1588, 2.1588, 0.5153 
0.0935, -2.6142, 4.9522, 133.4718, -116.3538, 2.4652, 2.4652, 0.5450 
0.0939, -2.6493, 4.9956, -75.1969, 90.8474, 1.6919, 1.6919, 0.2129 
0.0926, -2.6853, 5.0013, -150.0000, 150.0000, -1.7183, -1.7183, -0.9384 
0.0933, -2.6653, 4.9980, -150.0000, 137.5777, -2.4498, -2.4498, -0.9681 
0.0944, -2.6407, 5.0014, 150.0000, -150.0000, 0.4303, 0.4303, 0.2025 
0.0926, -2.6370, 4.9522, 150.0000, -115.1066, 0.4733, 0.4733, 0.1724 
0.0937, -2.6093, 4.9517, 90.4554, -114.6345, 1.7762, 1.7762, 0.5781 
0.0939, -2.6599, 5.0072, -150.0000, 150.0000, 0.1091, 0.1091, -0.0914 
0.0944, -2.6255, 4.9846, 40.0868, -15.2135, 0.5493, 0.5493, 0.0887 
0.0933, -2.6264, 4.9584, 150.0000, -150.0000, 3.4368, 3.4368, 1.0569 
0.0944, -2.6147, 4.9737, -139.6271, 123.5071, 1.3442, 1.3442, 0.1624 
0.0930, -2.6335, 4.9594, 47.6663, -60.5611, 1.9808, 1.9808, 0.3789 
0.0940, -2.6675, 5.0183, -150.0000, 150.0000, -0.4996, -0.4996, -0.4976 
0.0945, -2.6041, 4.9661, 42.3075, -6.6743, 0.2231, 0.2231, -0.1231 
0.0934, -2.6314, 4.9665, 150.0000, -150.0000, 2.3029, 2.3029, 0.6240 
0.0946, -2.6244, 4.9906, -150.0000, 150.0000, 0.2504, 0.2504, -0.1696 
0.0944, -2.6486, 5.0089, -125.6163, 106.4892, -1.1661, -1.1661, -0.5874 
0.0933, -2.6265, 4.9581, 150.0000, -150.0000, 0.7436, 0.7436, 0.1896 
0.0945, -2.6373, 5.0007, -63.2889, 76.3456, -0.5223, -0.5223, -0.2666 
0.0934, -2.6325, 4.9673, 28.8518, -25.8998, -0.3768, -0.3768, -0.1571 
0.0946, -2.6010, 4.9663, 150.0000, -150.0000, 3.0405, 3.0405, 1.0290 
0.0932, -2.6232, 4.9525, 1.1013, -36.0500, 2.1010, 2.1010, 0.5172 
0.0941, -2.6111, 4.9639, 54.1458, -74.0863, 3.0879, 3.0879, 0.7736 
0.0956, -2.6027, 4.9937, -150.0000, 150.0000, -0.5897, -0.5897, -0.5838 
0.0937, -2.6588, 5.0007, -125.9269, 150.0000, -0.5908, -0.5908, -0.4312 
0.0949, -2.5749, 4.9464, 150.0000, -150.0000, 3.1549, 3.1549, 0.9400 
0.0950, -2.6480, 5.0232, -98.3001, 134.0173, 0.1353, 0.1353, -0.2428 
0.0938, -2.6059, 4.9498, 89.7500, -108.9543, 1.0819, 1.0819, 0.1546 
0.0949, -2.5703, 4.9437, 150.0000, -150.0000, 3.3907, 3.3907, 0.9277 
0.0951, -2.6162, 4.9931, -146.7827, 135.1691, 1.6549, 1.6549, 0.1907 
0.0940, -2.6280, 4.9779, -34.5032, 44.2527, 1.1739, 1.1739, 0.0332 
0.0949, -2.5811, 4.9543, 109.4481, -136.9781, 2.5336, 2.5336, 0.5260 
0.0936, -2.6364, 4.9769, -150.0000, 150.0000, 0.2073, 0.2073, -0.3219 
0.0948, -2.5886, 4.9578, 116.2560, -104.2383, 1.9395, 1.9395, 0.3670 
0.0935, -2.6472, 4.9842, -150.0000, 150.0000, -0.1945, -0.1945, -0.3906 
0.0962, -2.6010, 5.0056, -50.1592, 73.5343, -0.7862, -0.7862, -0.4804 
0.0942, -2.6016, 4.9560, 143.3308, -138.4140, 0.5438, 0.5438, 0.0831 
0.0955, -2.6146, 5.0013, -96.0351, 95.3617, -0.5770, -0.5770, -0.2997 
0.0958, -2.5923, 4.9861, 114.8182, -114.9236, 0.5822, 0.5822, 0.1598 
0.0945, -2.6064, 4.9687, 72.3241, -93.8617, 1.6444, 1.6444, 0.4922 
0.0956, -2.6016, 4.9924, -150.0000, 150.0000, -1.0531, -1.0531, -0.5042 
0.0945, -2.6351, 4.9973, 9.4239, 18.5693, -0.2640, -0.2640, -0.1261 
0.0942, -2.6213, 4.9754, -43.4847, 32.6513, -0.7980, -0.7980, -0.2784 
0.0965, -2.5897, 5.0023, -0.6244, -2.3853, -0.9464, -0.9464, -0.2749 
0.0945, -2.5850, 4.9478, 138.5242, -129.5286, 0.5029, 0.5029, 0.2612 
0.0944, -2.6318, 4.9907, -107.7999, 106.0704, -0.5882, -0.5882, -0.1665 
0.0955, -2.5868, 4.9740, 105.5620, -105.3807, 0.5792, 0.5792, 0.2554 
0.0941, -2.6021, 4.9555, 65.2920, -86.8746, 1.6437, 1.6437, 0.5597 
0.0953, -2.5773, 4.9610, -61.2418, 70.7063, 1.1767, 1.1767, 0.2958 
0.0953, -2.5853, 4.9689, 88.3364, -115.4743, 2.5170, 2.5170, 0.7034 
0.0939, -2.5704, 4.9188, 53.2856, -75.6975, 3.6281, 3.6281, 0.9614 
0.0964, -2.5940, 5.0030, -150.0000, 150.0000, 0.9427, 0.9427, -0.0973 
0.0958, -2.5883, 4.9823, -123.8256, 150.0000, 0.2363, 0.2363, -0.2712 
0.0961, -2.6025, 5.0060, -57.4657, 91.2998, -0.6610, -0.6610, -0.4838 
0.0951, -2.5935, 4.9713, 76.3036, -66.3827, -0.1721, -0.1721, -0.1984 
0.0963, -2.5776, 4.9842, 81.5073, -92.2237, 0.7002, 0.7002, 0.1490 
0.0966, -2.5795, 4.9950, -42.5811, 52.9588, 0.1887, 0.1887, -0.0420 
0.0940, -2.6010, 4.9515, 49.1546, -61.2446, 0.7846, 0.7846, 0.1788 
0.0959, -2.5589, 4.9569, 61.5433, -80.0035, 1.6953, 1.6953, 0.4619 
0.0962, -2.6061, 5.0119, -110.6444, 135.7440, 0.4574, 0.4574, -0.0309 
0.0949, -2.5610, 4.9347, 90.2262, -113.0692, 1.5839, 1.5839, 0.3757 
0.0960, -2.5856, 4.9866, 9.8168, -16.1336, 1.8957, 1.8957, 0.4276 
0.0948, -2.5968, 4.9681, -47.9573, 57.1398, 1.4424, 1.4424, 0.2174 
0.0961, -2.5786, 4.9808, -50.3626, 63.3581, 0.8015, 0.8015, -0.0101 
0.0961, -2.6072, 5.0100, -150.0000, 150.0000, -1.2458, -1.2458, -0.6679 
0.0950, -2.5850, 4.9599, 150.0000, -150.0000, 0.6361, 0.6361, 0.1209 
0.0961, -2.5548, 4.9566, 135.6977, -150.0000, 2.0424, 2.0424, 0.5830 
0.0963, -2.6064, 5.0134, -150.0000, 150.0000, -0.9121, -0.9121, -0.5124 
0.0967, -2.5660, 4.9827, 70.1194, -57.7146, 0.8951, 0.8951, 0.2170 
0.0955, -2.5894, 4.9763, 29.7805, -40.0686, 1.4025, 1.4025, 0.3567 
0.0965, -2.5872, 5.0007, -150.0000, 150.0000, -1.0843, -1.0843, -0.5370 
0.0955, -2.5700, 4.9564, 95.6465, -76.2877, 0.4479, 0.4479, 0.1006 
0.0953, -2.6060, 4.9880, -28.2626, 35.0745, 0.1122, 0.1122, -0.0261 
0.0963, -2.5948, 5.0012, -71.0001, 59.1779, -0.6949, -0.6949, -0.2865 
0.0951, -2.5736, 4.9510, 121.5507, -118.6314, 0.5510, 0.5510, 0.1939 
0.0964, -2.5743, 4.9836, -40.0291, 48.4078, 0.1381, 0.1381, 0.0170 
0.0953, -2.6060, 4.9873, -7.4699, 9.5167, 0.0372, 0.0372, -0.0169 
0.0964, -2.5687, 4.9783, 54.1156, -68.4649, 0.7444, 0.7444, 0.2282 
0.0965, -2.5494, 4.9618, 59.6938, -78.7654, 1.6852, 1.6852, 0.5051 
0.0953, -2.6015, 4.9849, -150.0000, 150.0000, -1.0425, -1.0425, -0.5038 
0.0962, -2.6051, 5.0096, -135.5048, 133.9894, -1.7600, -1.7600, -0.6339 
0.0949, -2.5867, 4.9592, 150.0000, -150.0000, 1.0597, 1.0597, 0.4419 
0.0962, -2.5902, 4.9959, -18.7832, 45.2532, -0.4544, -0.4544, -0.1619 
0.0962, -2.5958, 5.0004, -30.9884, 22.6449, -0.8657, -0.8657, -0.2692 
0.0951, -2.5668, 4.9433, 150.0000, -150.0000, 1.2831, 1.2831, 0.5043 
0.0963, -2.5681, 4.9767, -57.0921, 67.8758, 0.3342, 0.3342, 0.0809 
0.0952, -2.6011, 4.9819, -21.5239, 26.6061, 0.0837, 0.0837, -0.0154 
0.0965, -2.5439, 4.9557, 150.0000, -150.0000, 2.2840, 2.2840, 0.7349 
0.0948, -2.5464, 4.9174, 88.7621, -150.0000, 3.7284, 3.7284, 1.0871 
0.0973, -2.5653, 4.9984, -150.0000, 150.0000, 0.7535, 0.7535, -0.1032 
0.0951, -2.5979, 4.9756, -150.0000, 150.0000, -0.5355, -0.5355, -0.4790 
0.0962, -2.5473, 4.9524, 150.0000, -150.0000, 3.0251, 3.0251, 0.8461 
0.0966, -2.5547, 4.9700, -79.6472, 119.8351, 1.1213, 1.1213, 0.0632 
0.0955, -2.6154, 5.0020, -150.0000, 150.0000, -1.1599, -1.1599, -0.6836 
0.0981, -2.5342, 4.9861, 150.0000, -150.0000, 2.8714, 2.8714, 0.8383 
0.0973, -2.5403, 4.9735, 66.8919, -82.3753, 1.8855, 1.8855, 0.3617 
0.0962, -2.5940, 4.9999, -150.0000, 150.0000, -1.7101, -1.7101, -0.8896 
0.0957, -2.6042, 4.9957, -150.0000, 150.0000, -2.6830, -2.6830, -1.0150 
0.0978, -2.5548, 4.9988, 150.0000, -150.0000, -0.6714, -0.6714, -0.1322 
0.0958, -2.5767, 4.9709, 19.6347, 0.0782, -0.9128, -0.9128, -0.1992 
0.0967, -2.5902, 5.0065, -70.6011, 54.0885, -1.7274, -1.7274, -0.4486 
0.0970, -2.5318, 4.9580, 139.7550, -113.5166, -0.4333, -0.4333, 0.0580 
0.0959, -2.5946, 4.9920, -47.7504, 39.3066, -0.8496, -0.8496, -0.1161 
0.0967, -2.5858, 5.0033, -80.7125, 63.2392, -1.7116, -1.7116, -0.4040 
0.0969, -2.5263, 4.9482, 150.0000, -150.0000, 0.3344, 0.3344, 0.3435 
0.0960, -2.5754, 4.9747, 10.0853, 22.7969, 0.0901, 0.0901, 0.1705 
0.0971, -2.5610, 4.9885, -87.8088, 74.7873, -0.7319, -0.7319, -0.1547 
0.0959, -2.5303, 4.9285, 150.0000, -150.0000, 2.0867, 2.0867, 0.8155 
0.0970, -2.5576, 4.9833, -22.0708, 10.7861, 1.2883, 1.2883, 0.3796 
0.0960, -2.5772, 4.9765, -88.0508, 107.6296, 0.3231, 0.3231, -0.0117 
0.0972, -2.5215, 4.9512, 150.0000, -150.0000, 2.3429, 2.3429, 0.6855 
0.0957, -2.5517, 4.9454, -44.2279, 8.3628, 2.0924, 2.0924, 0.4831 
0.0970, -2.5787, 5.0035, -132.9990, 150.0000, 0.5247, 0.5247, -0.1124 
0.0972, -2.5251, 4.9552, 150.0000, -150.0000, 2.3924, 2.3924, 0.5712 
0.0959, -2.5570, 4.9551, -39.7275, 22.4560, 2.1057, 2.1057, 0.3927 
0.0972, -2.5419, 4.9722, -92.3946, 114.9569, 0.9921, 0.9921, -0.0220 
0.0960, -2.5443, 4.9442, 150.0000, -150.0000, 5.0510, 5.0510, 1.3907 
0.0983, -2.5193, 4.9770, -60.4769, 23.4516, 2.8212, 2.8212, 0.4102 
0.0963, -2.5624, 4.9703, -86.9768, 109.4884, 1.7082, 1.7082, 0.0172 
0.0975, -2.5052, 4.9431, 150.0000, -150.0000, 5.2106, 5.2106, 1.2571 
0.0976, -2.5578, 4.9990, -150.0000, 142.8436, 2.1120, 2.1120, 0.0295 
0.0978, -2.5011, 4.9472, 144.1757, -150.0000, 3.8313, 3.8313, 0.6797 
0.0962, -2.5117, 4.9173, 55.4251, -104.3846, 4.7822, 4.7822, 0.9395 
0.0986, -2.5349, 4.9993, -150.0000, 150.0000, 1.2835, 1.2835, -0.3438 
0.0966, -2.5456, 4.9615, -21.2740, 70.9585, 2.3137, 2.3137, 0.1551 
0.0975, -2.4966, 4.9350, 112.0376, -139.7614, 3.6878, 3.6878, 0.6587 
0.0976, -2.5499, 4.9894, -150.0000, 150.0000, -0.4753, -0.4753, -0.8057 
0.0982, -2.5317, 4.9869, -37.4902, 99.7542, 0.6090, 0.6090, -0.2158 
0.0985, -2.5031, 4.9665, 150.0000, -150.0000, 4.9612, 4.9612, 1.3397 
0.0970, -2.5226, 4.9475, 22.6851, -78.5618, 3.3705, 3.3705, 0.5867 
0.0980, -2.5526, 5.0030, -150.0000, 150.0000, 0.1541, 0.1541, -0.5485 
0.0985, -2.5328, 4.9954, -12.5306, 65.0317, 0.7754, 0.7754, -0.1685 
0.0974, -2.5037, 4.9381, 150.0000, -150.0000, 5.0020, 5.0020, 1.3367 
0.0985, -2.5580, 5.0206, -150.0000, 150.0000, 0.3202, 0.3202, -0.4569 
0.0972, -2.5584, 4.9891, -115.4251, 117.9695, -0.6500, -0.6500, -0.6353 
0.0997, -2.5032, 4.9947, 150.0000, -150.0000, 3.7923, 3.7923, 1.0298 
0.0976, -2.5251, 4.9640, -10.5300, 2.3275, 1.0544, 1.0544, -0.0610 
0.0971, -2.5873, 5.0136, -150.0000, 150.0000, -1.9290, -1.9290, -1.0100 
0.0994, -2.5090, 4.9929, 150.0000, -150.0000, 2.8289, 2.8289, 0.8263 
0.0973, -2.5009, 4.9328, 150.0000, -150.0000, 2.9358, 2.9358, 0.7204 
0.0985, -2.5506, 5.0140, -150.0000, 150.0000, -0.0036, -0.0036, -0.3777 
0.0987, -2.4956, 4.9632, 140.4905, -150.0000, 2.4300, 2.4300, 0.5567 
0.0975, -2.5289, 4.9654, -46.6388, 35.8221, 2.0577, 2.0577, 0.3551 
0.0971, -2.5625, 4.9905, -150.0000, 150.0000, -1.4656, -1.4656, -0.8634 
0.0998, -2.4896, 4.9846, 90.7139, -62.6070, 0.6708, 0.6708, 0.0617 
0.0977, -2.5396, 4.9822, 23.5439, -29.5243, 0.9656, 0.9656, 0.1679 
0.0987, -2.5393, 5.0059, -150.0000, 150.0000, -1.2036, -1.2036, -0.5784 
0.0975, -2.5382, 4.9753, 37.4813, -32.7876, -0.7342, -0.7342, -0.2916 
0.0987, -2.5173, 4.9854, 117.5573, -111.7275, 0.4469, 0.4469, 0.1670 
0.0988, -2.5303, 5.0003, -97.5376, 94.5768, -0.5928, -0.5928, -0.2173 
0.0978, -2.5192, 4.9637, 51.1720, -42.4919, -0.1650, -0.1650, -0.0299 
0.0990, -2.5068, 4.9815, 42.5652, -46.3982, 0.3539, 0.3539, 0.1480 
0.0978, -2.5040, 4.9500, 150.0000, -150.0000, 4.0319, 4.0319, 1.3577 
0.0973, -2.5136, 4.9461, -77.4037, 37.9437, 2.3010, 2.3010, 0.5173 
0.0983, -2.5451, 5.0027, -150.0000, 150.0000, -0.5585, -0.5585, -0.5167 
0.0986, -2.5011, 4.9652, 108.1057, -92.2429, 1.5175, 1.5175, 0.3180 
0.0989, -2.5036, 4.9769, -49.5219, 60.4163, 0.9801, 0.9801, 0.0981 
0.0977, -2.5637, 5.0071, -150.0000, 150.0000, -2.1906, -2.1906, -0.9646 
0.0989, -2.4815, 4.9543, 150.0000, -150.0000, 1.2537, 1.2537, 0.4051 
0.0978, -2.5333, 4.9773, 14.9946, -9.5219, 0.7103, 0.7103, 0.1472 
0.0990, -2.5051, 4.9794, -13.8318, 16.4153, 0.5829, 0.5829, 0.0867 
0.0993, -2.5048, 4.9871, -21.4434, 27.0217, 0.3080, 0.3080, -0.0103 
0.0977, -2.5671, 5.0105, -150.0000, 145.9519, -1.6233, -1.6233, -0.6474 
0.0989, -2.4870, 4.9601, 150.0000, -150.0000, 0.8027, 0.8027, 0.3047 
0.0992, -2.5136, 4.9946, -27.8702, 32.4397, -0.2823, -0.2823, -0.1228 
0.0966, -2.5613, 4.9761, -76.6515, 58.7919, -1.1627, -1.1627, -0.3937 
0.1002, -2.4934, 4.9973, 73.2365, -61.5175, -0.5849, -0.5849, -0.1242 
0.0979, -2.5474, 4.9941, -150.0000, 150.0000, -3.1127, -3.1127, -0.9617 
0.1003, -2.4896, 4.9972, 150.0000, -150.0000, 0.2719, 0.2719, 0.3523 
0.0969, -2.5346, 4.9571, 60.5735, -52.4988, -0.1870, -0.1870, 0.1020 
0.0989, -2.5257, 4.9984, -102.0447, 82.1608, -1.1672, -1.1672, -0.2664 
0.0976, -2.4981, 4.9385, 150.0000, -150.0000, 2.0069, 2.0069, 0.8409 
0.0988, -2.5255, 4.9958, -6.8862, 11.9719, 0.9164, 0.9164, 0.2958 
0.0990, -2.4876, 4.9618, 25.0482, -35.6040, 1.4370, 1.4370, 0.4172 
0.0978, -2.5167, 4.9625, -21.7951, 22.8804, 1.3835, 1.3835, 0.3278 
0.0973, -2.4990, 4.9312, 99.3685, -129.6196, 2.8787, 2.8787, 0.7858 
0.0981, -2.4933, 4.9469, 11.7935, -23.6876, 3.4685, 3.4685, 0.8567 
0.1009, -2.4468, 4.9706, 24.1454, -39.3028, 4.2224, 4.2224, 0.9836 
0.0994, -2.4704, 4.9545, -48.6145, 52.4768, 4.0300, 4.0300, 0.7815 
0.0996, -2.4952, 4.9861, -150.0000, 150.0000, 1.0727, 1.0727, -0.3000 
0.1001, -2.4645, 4.9660, 19.3827, 19.2573, 2.1143, 2.1143, 0.1817 
0.0987, -2.4796, 4.9466, 77.3896, -96.7746, 3.0736, 3.0736, 0.5300 
0.0997, -2.5115, 5.0041, -150.0000, 150.0000, 0.4175, 0.4175, -0.4102 
0.1000, -2.4744, 4.9744, 76.3268, -49.8127, 1.7621, 1.7621, 0.1823 
0.1004, -2.4803, 4.9895, -50.2836, 64.7865, 1.0465, 1.0465, -0.0478 
0.0990, -2.4548, 4.9306, 107.1969, -132.7920, 2.3102, 2.3102, 0.4322 
0.1001, -2.5097, 5.0128, -150.0000, 150.0000, -0.8817, -0.8817, -0.6881 
0.0988, -2.4568, 4.9273, 150.0000, -150.0000, 2.3277, 2.3277, 0.5683 
0.1001, -2.4982, 5.0000, -70.7116, 93.2064, 1.1994, 1.1994, 0.1043 
0.1002, -2.5008, 5.0045, -150.0000, 150.0000, -1.8909, -1.8909, -0.9249 
0.0990, -2.4783, 4.9544, 150.0000, -145.2456, 0.5664, 0.5664, 0.1110 
0.1003, -2.4959, 5.0025, -106.5526, 111.1927, -0.7362, -0.7362, -0.3407 
0.1006, -2.4747, 4.9893, 115.6252, -108.1768, 0.3690, 0.3690, 0.1069 
0.1009, -2.4694, 4.9915, -3.2205, 2.8545, 0.3871, 0.3871, 0.0948 
0.0997, -2.4878, 4.9802, 51.2456, -66.2000, 1.1243, 1.1243, 0.3297 
0.1006, -2.4861, 5.0019, -150.0000, 150.0000, -0.5854, -0.5854, -0.3041 
0.0995, -2.4683, 4.9563, 100.0997, -85.6078, 0.4099, 0.4099, 0.1011 
0.0993, -2.4676, 4.9498, 150.0000, -150.0000, 5.2641, 5.2641, 1.7233 
0.1004, -2.4935, 5.0041, -150.0000, 150.0000, -1.7900, -1.7900, -0.9770 
0.1004, -2.4964, 5.0057, -150.0000, 150.0000, -2.1510, -2.1510, -0.8728 
0.0992, -2.4911, 4.9715, 63.5039, -71.0666, -0.7826, -0.7826, -0.2298 
0.1019, -2.4263, 4.9727, 150.0000, -150.0000, 1.6222, 1.6222, 0.6214 
0.0998, -2.5031, 4.9988, -150.0000, 150.0000, -1.0995, -1.0995, -0.4228 
0.0995, -2.5021, 4.9889, -111.9861, 87.9912, -1.9666, -1.9666, -0.6297 
0.1018, -2.4479, 4.9934, 150.0000, -150.0000, 0.0351, 0.0351, 0.1610 
0.0995, -2.5119, 4.9995, -34.0005, 55.2180, -0.9196, -0.9196, -0.2082 
0.0994, -2.4755, 4.9604, 65.4142, -52.8747, -0.3015, -0.3015, 0.0284 
0.1004, -2.4871, 4.9977, -68.2146, 54.6370, -0.9708, -0.9708, -0.2173 
0.0992, -2.4566, 4.9372, 150.0000, -150.0000, 0.9764, 0.9764, 0.4686 
0.1004, -2.4500, 4.9600, 150.0000, -150.0000, 3.4604, 3.4604, 1.2027 
0.1020, -2.4334, 4.9845, -150.0000, 144.4210, 1.6947, 1.6947, 0.3757 
0.1001, -2.4871, 4.9886, -150.0000, 150.0000, -0.4309, -0.4309, -0.3908 
0.1011, -2.4796, 5.0061, -70.8278, 74.8694, -1.0466, -1.0466, -0.4975 
0.0998, -2.4580, 4.9539, 150.0000, -150.0000, 2.9422, 2.9422, 0.9585 
0.1009, -2.4457, 4.9693, 38.0638, -45.7948, 1.4279, 1.4279, 0.2702 
0.0997, -2.5031, 4.9958, -150.0000, 150.0000, -0.6508, -0.6508, -0.4589 
0.1008, -2.4172, 4.9384, 150.0000, -150.0000, 2.6086, 2.6086, 0.7543 
0.1012, -2.4942, 5.0237, -125.6686, 150.0000, -0.0948, -0.0948, -0.2866 
0.1000, -2.4831, 4.9828, -56.8864, 42.9613, -0.9146, -0.9146, -0.4809 
0.1013, -2.4412, 4.9727, 71.2432, -61.8524, -0.4517, -0.4517, -0.2147 
0.1015, -2.4331, 4.9717, 150.0000, -150.0000, 5.0603, 5.0603, 1.6921 
0.1002, -2.4580, 4.9626, -15.6246, -18.7783, 2.1492, 2.1492, 0.3916 
0.1000, -2.4757, 4.9758, -76.5734, 94.9452, 1.2421, 1.2421, 0.0486 
0.1011, -2.4541, 4.9821, -17.0046, 23.8340, 0.9053, 0.9053, -0.0331 
0.1015, -2.4606, 4.9972, -37.5240, 50.7768, 0.2521, 0.2521, -0.2097 
0.1002, -2.4374, 4.9422, 111.6833, -137.2550, 1.5130, 1.5130, 0.2882 
0.0999, -2.4333, 4.9307, 150.0000, -150.0000, 5.9155, 5.9155, 1.7428 
0.1024, -2.4556, 5.0154, -150.0000, 150.0000, 2.1650, 2.1650, 0.1759 
0.1017, -2.4536, 4.9972, -143.5490, 150.0000, 0.6030, 0.6030, -0.3229 
0.1006, -2.4357, 4.9515, 104.6840, -113.1182, 1.6108, 1.6108, 0.1367 
0.1001, -2.4450, 4.9478, 103.0728, -129.8373, 2.9342, 2.9342, 0.6025 
0.1026, -2.4360, 5.0017, -134.3457, 150.0000, 1.3632, 1.3632, 0.0016 
0.1006, -2.4654, 4.9804, 15.8247, -0.5615, 1.4059, 1.4059, 0.0666 
0.1017, -2.4308, 4.9746, 40.0035, -48.6891, 1.8346, 1.8346, 0.2440 
0.1017, -2.4069, 4.9504, 84.5601, -107.8934, 2.9887, 2.9887, 0.6289 
0.1020, -2.4552, 5.0056, -138.7705, 150.0000, 1.3780, 1.3780, 0.0087 
0.0993, -2.4460, 4.9297, 88.1257, -87.4611, 2.3999, 2.3999, 0.4025 
0.1029, -2.4326, 5.0045, -83.1540, 103.7287, 1.3837, 1.3837, 0.0288 
0.1007, -2.4677, 4.9861, -10.1115, 15.8250, 1.1019, 1.1019, -0.0231 
0.1006, -2.4416, 4.9555, 6.4345, -4.8978, 1.0261, 1.0261, -0.0004 
0.1016, -2.4089, 4.9501, 150.0000, -150.0000, 5.0654, 5.0654, 1.4004 
0.1015, -2.4351, 4.9727, -33.0513, -11.9399, 3.2501, 3.2501, 0.5573 
0.1018, -2.4501, 4.9957, -78.3515, 96.5641, 2.3482, 2.3482, 0.2075 
0.1018, -2.4024, 4.9485, 94.8810, -118.9290, 3.5398, 3.5398, 0.6351 
0.1004, -2.4186, 4.9297, 30.0520, -42.1284, 4.1404, 4.1404, 0.7795 
0.1028, -2.4448, 5.0154, -150.0000, 150.0000, 2.3647, 2.3647, 0.1015 
0.1009, -2.4622, 4.9855, -37.8465, 87.4819, 1.6807, 1.6807, -0.0712 
0.1008, -2.4443, 4.9632, -15.5725, 25.5805, 1.1868, 1.1868, -0.1535 
0.1018, -2.4154, 4.9611, 150.0000, -150.0000, 3.5951, 3.5951, 0.7495 
0.1020, -2.4337, 4.9848, -150.0000, 150.0000, 0.7505, 0.7505, -0.3006 
0.1024, -2.4318, 4.9924, -1.1903, 9.6062, 0.7719, 0.7719, -0.1751 
0.1014, -2.4492, 4.9836, -85.5681, 90.7871, -0.5146, -0.5146, -0.5278 
0.1026, -2.4303, 4.9945, 126.8195, -128.2471, 0.5850, 0.5850, -0.0176 
0.1023, -2.4470, 5.0049, -92.8609, 92.6556, -0.5951, -0.5951, -0.3887 
0.1012, -2.4199, 4.9497, 150.0000, -150.0000, 3.1539, 3.1539, 0.9707 
0.1025, -2.4335, 4.9955, -103.4510, 112.7858, 0.1350, 0.1350, -0.2211 
0.1027, -2.4305, 4.9984, 10.6181, -8.6405, 0.0376, 0.0376, -0.1826 
0.1000, -2.4970, 4.9961, -150.0000, 150.0000, -2.2241, -2.2241, -0.8897 
0.1020, -2.4210, 4.9721, 150.0000, -150.0000, 1.2402, 1.2402, 0.4630 
0.1023, -2.4369, 4.9933, 43.2756, -45.0348, 0.1243, 0.1243, -0.0060 
0.1025, -2.4198, 4.9831, 52.6888, -66.6486, 0.8123, 0.8123, 0.2327 
0.1014, -2.4463, 4.9818, 0.2723, -3.0341, 0.9485, 0.9485, 0.2393 
0.1026, -2.3839, 4.9492, 150.0000, -150.0000, 4.2876, 4.2876, 1.3294 
0.1028, -2.4303, 5.0001, -150.0000, 142.2553, 1.7576, 1.7576, 0.2375 
0.1016, -2.4357, 4.9754, -12.1852, 4.1268, 1.7281, 1.7281, 0.2221 
0.1028, -2.4158, 4.9858, -39.6834, 50.3888, 1.1999, 1.1999, 0.0420 
0.1028, -2.3909, 4.9610, 105.1138, -131.5763, 2.5069, 2.5069, 0.5154 
0.1016, -2.4442, 4.9837, -150.0000, 150.0000, -0.1061, -0.1061, -0.4271 
0.1026, -2.3894, 4.9554, 150.0000, -150.0000, 3.2676, 3.2676, 0.8354 
0.1028, -2.4234, 4.9940, -44.0912, 51.6808, 2.1316, 2.1316, 0.3238 
0.1017, -2.4325, 4.9741, -27.3859, 33.6752, 1.8209, 1.8209, 0.2017 
0.1027, -2.4359, 5.0037, -150.0000, 150.0000, -0.2794, -0.2794, -0.4994 
0.1029, -2.4118, 4.9838, 150.0000, -150.0000, 1.7031, 1.7031, 0.3090 
0.1031, -2.4236, 5.0009, -87.2018, 119.0916, 0.2481, 0.2481, -0.2109 
0.1018, -2.4026, 4.9481, 98.0000, -119.8214, 1.3240, 1.3240, 0.2248 
0.1013, -2.4046, 4.9381, 125.7418, -150.0000, 3.0778, 3.0778, 0.7987 
0.1024, -2.4289, 4.9884, -143.0927, 150.0000, 1.5692, 1.5692, 0.1653 
0.1025, -2.4308, 4.9943, -146.6677, 150.0000, -0.3438, -0.3438, -0.4711 
0.1028, -2.4069, 4.9765, 150.0000, -150.0000, 2.3057, 2.3057, 0.5515 
0.1031, -2.3940, 4.9704, 33.9784, -31.1142, 1.8745, 1.8745, 0.3269 
0.1021, -2.4417, 4.9944, -108.5578, 136.3051, 0.5058, 0.5058, -0.1628 
0.1033, -2.4094, 4.9907, 43.5666, -50.8401, 0.8643, 0.8643, 0.0260 
0.1020, -2.4045, 4.9556, 13.5480, -15.5690, 0.9640, 0.9640, 0.0842 
0.1018, -2.4037, 4.9482, 150.0000, -150.0000, 3.5230, 3.5230, 0.9584 
0.1028, -2.4288, 4.9981, -142.0125, 129.9391, 1.5596, 1.5596, 0.1403 
0.1029, -2.3984, 4.9721, 12.6705, -15.0128, 1.6752, 1.6752, 0.1957 
0.1033, -2.3998, 4.9824, -35.3432, 45.2704, 1.1853, 1.1853, 0.0345 
0.1022, -2.3997, 4.9541, 150.0000, -150.0000, 3.6069, 3.6069, 0.8855 
0.1033, -2.4280, 5.0115, -150.0000, 150.0000, 0.0973, 0.0973, -0.4294 
0.1023, -2.4221, 4.9794, -96.1532, 116.5243, -0.1811, -0.1811, -0.3909 
0.1026, -2.4481, 5.0142, -97.9039, 70.9677, -1.5092, -1.5092, -0.7286 
0.1030, -2.3953, 4.9701, 144.6646, -122.3143, -0.4071, -0.4071, -0.1947 
0.1033, -2.3989, 4.9818, 94.8656, -99.0700, 0.6143, 0.6143, 0.1932 
0.1037, -2.3577, 4.9498, 150.0000, -150.0000, 4.9499, 4.9499, 1.6206 
0.1040, -2.4025, 5.0037, -150.0000, 150.0000, 0.2914, 0.2914, -0.2522 
0.1029, -2.4252, 4.9977, -92.8085, 101.1047, 0.2055, 0.2055, -0.1946 
0.1026, -2.4176, 4.9828, -62.0024, 52.5886, -0.6694, -0.6694, -0.4238 
0.1038, -2.3624, 4.9561, 129.0618, -126.4891, 0.5426, 0.5426, 0.0873 
0.1026, -2.4288, 4.9943, -67.6903, 73.1291, -0.2746, -0.2746, -0.1943 
0.1036, -2.4105, 5.0010, -29.5329, 20.6173, -0.7140, -0.7140, -0.2946 
0.1020, -2.4443, 4.9934, -141.4262, 107.8005, -2.3738, -2.3738, -0.7931 
0.1032, -2.3961, 4.9760, 131.4692, -111.2787, -1.3765, -1.3765, -0.3076 
0.1049, -2.3558, 4.9778, 150.0000, -145.3331, 0.3490, 0.3490, 0.3154 
0.1030, -2.3955, 4.9693, 31.2868, -24.8140, 0.8272, 0.8272, 0.3953 
0.1025, -2.3699, 4.9332, 118.0890, -150.0000, 2.7129, 2.7129, 0.9440 
0.1035, -2.3937, 4.9819, -150.0000, 150.0000, -0.2361, -0.2361, -0.2328 
0.1050, -2.3929, 5.0168, -150.0000, 150.0000, -0.7903, -0.7903, -0.3588 
0.1032, -2.3711, 4.9507, 125.7854, -87.4310, 0.5095, 0.5095, 0.1579 
0.1030, -2.3694, 4.9451, 150.0000, -150.0000, 3.4325, 3.4325, 1.1158 
0.1056, -2.3579, 4.9981, -150.0000, 150.0000, -0.5591, -0.5591, -0.4374 
0.1036, -2.4069, 4.9974, -102.6120, 105.7159, -0.3566, -0.3566, -0.2588 
0.1034, -2.3917, 4.9770, -28.0562, 18.5857, -0.8234, -0.8234, -0.3521 
0.1046, -2.3823, 4.9971, 75.5306, -63.3289, -0.2220, -0.2220, -0.0743 
0.1035, -2.3765, 4.9631, 19.0167, -15.6844, -0.0577, -0.0577, -0.0049 
0.1046, -2.3439, 4.9586, 135.6051, -150.0000, 1.7556, 1.7556, 0.6063 
0.1034, -2.3944, 4.9798, -150.0000, 150.0000, -1.7009, -1.7009, -0.6763 
0.1044, -2.3986, 5.0085, -150.0000, 132.6058, -1.9194, -1.9194, -0.6109 
0.1047, -2.3430, 4.9615, 150.0000, -131.8648, -0.5179, -0.5179, -0.0266 
0.1037, -2.3794, 4.9709, 93.7623, -90.7874, 0.5840, 0.5840, 0.3339 
0.1049, -2.3497, 4.9718, -24.9767, 26.4554, 0.5112, 0.5112, 0.2310 
0.1038, -2.3879, 4.9830, -51.6018, 61.7326, -0.0119, -0.0119, 0.0044 
0.1047, -2.3893, 5.0058, -137.6337, 108.1904, -1.4635, -1.4635, -0.4873 
0.1036, -2.3724, 4.9626, 123.8390, -102.1648, -0.3948, -0.3948, -0.0353 
0.1048, -2.3533, 4.9728, 82.1108, -86.6344, 0.6177, 0.6177, 0.3022 
0.1034, -2.3666, 4.9527, 58.0568, -78.5238, 1.6272, 1.6272, 0.5754 
0.1044, -2.3508, 4.9599, 66.6371, -92.3972, 2.9008, 2.9008, 0.8934 
0.1059, -2.3394, 4.9871, -150.0000, 150.0000, 1.3975, 1.3975, 0.2268 
0.1041, -2.3712, 4.9733, -23.3630, 58.6919, 1.1551, 1.1551, 0.1293 
0.1055, -2.3552, 4.9918, -61.4920, 78.6037, 0.3115, 0.3115, -0.1509 
0.1056, -2.3336, 4.9724, 105.7584, -130.7630, 1.5445, 1.5445, 0.3222 
0.1042, -2.3454, 4.9512, 68.7447, -90.1278, 2.6011, 2.6011, 0.6399 
0.1054, -2.3546, 4.9889, -56.6506, 65.6417, 2.1564, 2.1564, 0.3953 
0.1042, -2.3734, 4.9788, -73.3387, 90.7698, 1.2958, 1.2958, 0.0671 
0.1054, -2.3171, 4.9509, 150.0000, -150.0000, 4.3557, 4.3557, 1.1277 
0.1052, -2.3457, 4.9768, -41.2902, 1.6519, 3.2559, 3.2559, 0.5812 
0.1055, -2.3536, 4.9907, -46.2916, 55.3030, 2.8093, 2.8093, 0.3780 
0.1041, -2.3485, 4.9514, 47.3109, -60.7237, 3.4743, 3.4743, 0.5941 
0.1053, -2.3691, 5.0012, -91.9909, 113.7201, 2.3977, 2.3977, 0.1827 
0.1054, -2.3445, 4.9807, -12.8165, 18.6932, 2.1072, 2.1072, 0.1197 
0.1055, -2.3172, 4.9535, 113.3570, -141.2634, 3.4893, 3.4893, 0.6289 
0.1056, -2.3431, 4.9836, -25.5981, 28.5991, 3.3403, 3.3403, 0.5205 
0.1044, -2.3726, 4.9821, -143.5176, 150.0000, 1.5119, 1.5119, -0.1275 
0.1058, -2.3560, 4.9998, -23.4141, 66.7661, 0.8769, 0.8769, -0.2469 
0.1057, -2.3569, 4.9984, 14.2872, -10.8858, 0.7092, 0.7092, -0.1965 
0.1044, -2.3314, 4.9401, 127.4240, -150.0000, 2.1377, 2.1377, 0.3711 
0.1042, -2.3826, 4.9886, -123.6935, 148.9613, 0.5765, 0.5765, -0.1870 
0.1052, -2.3399, 4.9693, 96.5938, -117.6717, 1.6160, 1.6160, 0.2415 
0.1054, -2.3649, 4.9992, -150.0000, 150.0000, -1.8254, -1.8254, -0.9318 
0.1052, -2.3775, 5.0073, -44.2723, 50.4080, -1.3133, -1.3133, -0.5478 
0.1055, -2.3451, 4.9813, 26.1556, -26.7183, -1.3410, -1.3410, -0.4421 
0.1058, -2.3428, 4.9871, 150.0000, -147.7324, 0.2920, 0.2920, 0.1914 
0.1062, -2.3293, 4.9843, 26.8950, -13.2170, 0.5548, 0.5548, 0.2336 
0.1052, -2.3641, 4.9935, -42.4021, 50.6249, 0.1495, 0.1495, 0.0476 
0.1050, -2.3382, 4.9632, -10.2740, 12.4906, 0.0403, 0.0403, 0.0020 
0.1043, -2.4008, 5.0089, -143.4147, 114.0477, -1.4882, -1.4882, -0.5129 
0.1068, -2.3198, 4.9887, 150.0000, -150.0000, 0.6387, 0.6387, 0.3030 
0.1058, -2.3559, 5.0013, -79.7292, 93.1346, -0.8270, -0.8270, -0.2586 
0.1048, -2.3298, 4.9506, 121.4352, -113.3016, 0.4261, 0.4261, 0.2109 
0.1046, -2.3573, 4.9720, 0.3605, -3.6898, 0.5902, 0.5902, 0.2190 
0.1043, -2.3711, 4.9796, -42.8892, 51.6362, 0.1591, 0.1591, 0.0299 
0.1055, -2.3478, 4.9854, -9.3776, 11.7357, 0.0428, 0.0428, -0.0123 
0.1041, -2.3231, 4.9264, 107.4010, -136.3856, 1.4719, 1.4719, 0.4753 
0.1055, -2.3655, 5.0018, -97.2868, 117.8957, 0.4556, 0.4556, 0.0449 
0.1056, -2.3611, 5.0018, -115.6163, 107.1091, -0.8750, -0.8750, -0.4006 
0.1046, -2.3529, 4.9682, 69.7783, -59.4889, -0.3678, -0.3678, -0.1420 
0.1058, -2.3381, 4.9840, 70.2475, -70.5152, 0.3810, 0.3810, 0.1395 
0.1033, -2.3727, 4.9549, -27.5502, 33.1978, 0.1027, 0.1027, 0.0180 
0.1054, -2.3469, 4.9817, -5.9551, 7.4771, 0.0277, 0.0277, -0.0089 
0.1054, -2.3219, 4.9563, 107.8223, -137.0320, 1.4678, 1.4678, 0.4808 
0.1042, -2.3750, 4.9808, -150.0000, 150.0000, -0.3943, -0.3943, -0.2368 
0.1054, -2.3210, 4.9552, 145.3910, -146.3835, 1.5167, 1.5167, 0.4644 
0.1042, -2.3577, 4.9628, -56.1995, 65.9167, 1.0374, 1.0374, 0.2202 
0.1054, -2.3836, 5.0196, -101.8402, 119.0119, -0.1909, -0.1909, -0.2215 
0.1058, -2.3219, 4.9657, 28.0111, -25.1804, -0.0514, -0.0514, -0.1152 
0.1033, -2.3772, 4.9591, 11.7072, -10.9446, -0.0139, -0.0139, -0.0699 
0.1051, -2.3270, 4.9555, 114.5405, -143.8037, 1.4566, 1.4566, 0.4468 
0.1052, -2.3501, 4.9801, 9.6036, -17.6449, 1.8535, 1.8535, 0.5013 
0.1042, -2.3751, 4.9810, -123.3035, 150.0000, 0.4650, 0.4650, -0.0482 
0.1054, -2.3199, 4.9559, 150.0000, -150.0000, 2.6276, 2.6276, 0.7134 
0.1043, -2.3731, 4.9799, -150.0000, 150.0000, -0.7575, -0.7575, -0.5445 
0.1053, -2.3776, 5.0110, -150.0000, 150.0000, -1.6649, -1.6649, -0.7158 
0.1056, -2.3273, 4.9678, 123.9134, -122.1383, -0.4492, -0.4492, -0.1532 
0.1060, -2.3415, 4.9926, 38.2917, -31.6337, -0.1210, -0.1210, -0.0133 
0.1033, -2.3469, 4.9304, 117.3011, -143.8090, 1.4280, 1.4280, 0.5089 
0.1067, -2.3096, 4.9776, 6.2331, -14.6984, 1.8458, 1.8458, 0.5508 
0.1062, -2.3573, 5.0112, -126.6538, 150.0000, 0.4631, 0.4631, -0.0119 
0.1038, -2.3704, 4.9651, -20.5277, 32.2566, 0.1160, 0.1160, -0.1081 
0.1054, -2.3765, 5.0108, -134.5022, 107.8654, -1.4293, -1.4293, -0.5929 
0.1054, -2.3538, 4.9879, -8.3217, -0.1238, -1.8462, -1.8462, -0.6092 
0.1044, -2.3557, 4.9646, 150.0000, -128.4628, -0.4981, -0.4981, -0.0407 
0.1056, -2.3327, 4.9719, 96.0225, -92.3585, 0.6030, 0.6030, 0.3244 
0.1057, -2.3096, 4.9513, 57.0483, -77.7332, 1.6232, 1.6232, 0.5940 
0.1058, -2.3187, 4.9634, 45.7712, -66.2452, 2.6351, 2.6351, 0.8180 
0.1058, -2.3037, 4.9496, 37.3108, -57.4135, 3.6319, 3.6319, 1.0075 
0.1060, -2.2639, 4.9131, 150.0000, -150.0000, 6.4612, 6.4612, 1.7942 
0.1075, -2.2729, 4.9612, -150.0000, 150.0000, 3.6216, 3.6216, 0.5395 
0.1068, -2.2926, 4.9629, -150.0000, 150.0000, -0.4930, -0.4930, -0.8752 
0.1070, -2.3270, 5.0026, -150.0000, 150.0000, -1.5935, -1.5935, -1.0025 
0.1057, -2.3403, 4.9831, -149.7090, 150.0000, -1.8905, -1.8905, -0.8617 
0.1097, -2.2640, 5.0054, 108.7200, -60.5950, -1.2364, -1.2364, -0.4533 
0.1068, -2.2931, 4.9640, 107.7513, -89.4361, -0.3334, -0.3334, -0.0589 
0.1083, -2.2817, 4.9886, 24.3181, -19.3753, -0.0898, -0.0898, 0.0285 
0.1071, -2.3000, 4.9764, 58.2798, -70.8797, 0.7108, 0.7108, 0.2868 
0.1081, -2.2567, 4.9593, 55.0411, -74.1285, 1.6523, 1.6523, 0.5451 
0.1068, -2.2800, 4.9503, -5.3960, -0.0621, 1.9218, 1.9218, 0.5344 
0.1079, -2.2819, 4.9795, -16.6276, 15.1405, 1.9953, 1.9953, 0.4709 
0.1067, -2.3124, 4.9806, -137.5568, 150.0000, 0.3662, 0.3662, -0.1454 
0.1076, -2.3215, 5.0116, -150.0000, 150.0000, -2.8267, -2.8267, -1.1654 
0.1080, -2.3162, 5.0163, -81.0032, 49.1810, -2.9540, -2.9540, -0.9646 
0.1071, -2.3134, 4.9907, 41.5081, -42.1902, -2.9878, -2.9878, -0.7972 
0.1084, -2.2938, 5.0038, 99.9615, -85.3848, -2.2663, -2.2663, -0.4265 
0.1065, -2.3013, 4.9627, 98.6834, -79.8390, -1.3358, -1.3358, -0.0694 
0.1077, -2.2672, 4.9595, 150.0000, -150.0000, 2.2184, 2.2184, 1.1008 
0.1066, -2.2979, 4.9626, -46.7081, 61.1922, 0.6215, 0.6215, 0.3148 
0.1079, -2.2762, 4.9732, -59.9687, 71.5007, 0.0532, 0.0532, 0.0518 
0.1065, -2.2860, 4.9487, 102.9081, -131.9528, 1.4852, 1.4852, 0.5215 
0.1091, -2.2586, 4.9872, -43.1236, 48.0180, 1.2437, 1.2437, 0.3393 
0.1070, -2.2804, 4.9554, 18.2011, -26.9345, 1.6747, 1.6747, 0.4295 
0.1070, -2.3062, 4.9813, -119.5252, 147.6630, 0.2871, 0.2871, -0.1048 
0.1079, -2.3143, 5.0127, -150.0000, 150.0000, -2.1301, -2.1301, -0.8783 
0.1082, -2.2602, 4.9654, 150.0000, -150.0000, -0.2172, -0.2172, -0.0491 
0.1082, -2.3029, 5.0074, -104.6535, 80.1180, -1.4969, -1.4969, -0.4744 
0.1070, -2.3123, 4.9861, -24.0346, 14.2625, -1.9793, -1.9793, -0.5510 
0.1095, -2.2552, 4.9935, 150.0000, -130.8333, -0.5237, -0.5237, 0.0314 
0.1061, -2.3141, 4.9657, -19.1385, 24.7093, -0.7588, -0.7588, -0.0770 
0.1082, -2.2668, 4.9730, 102.4552, -95.8283, 0.4321, 0.4321, 0.3196 
0.1069, -2.2899, 4.9628, 18.6736, -29.2196, 0.9520, 0.9520, 0.4153 
0.1094, -2.2494, 4.9851, 25.4588, -38.4814, 1.5944, 1.5944, 0.5432 
0.1070, -2.2493, 4.9254, 105.3339, -141.0389, 3.3610, 3.3610, 1.0360 
0.1082, -2.2502, 4.9543, -57.5217, 60.5788, 3.2093, 3.2093, 0.7998 
0.1097, -2.2758, 5.0178, -150.0000, 150.0000, 0.1501, 0.1501, -0.3523 
0.1088, -2.2790, 4.9979, -150.0000, 150.0000, -1.4202, -1.4202, -0.7709 
0.1079, -2.2874, 4.9848, -0.9076, 43.3423, -1.1116, -1.1116, -0.4887 
0.1101, -2.2525, 5.0041, 33.9802, -32.3187, -1.0296, -1.0296, -0.3561 
0.1080, -2.2479, 4.9473, 150.0000, -150.0000, 1.4253, 1.4253, 0.5406 
0.1079, -2.2803, 4.9779, -32.7174, 45.3787, 0.4055, 0.4055, 0.0877 
0.1091, -2.2586, 4.9862, -33.4545, 41.5566, -0.0062, -0.0062, -0.0623 
0.1093, -2.2459, 4.9786, 52.7972, -65.6823, 0.6412, 0.6412, 0.1746 
0.1081, -2.2600, 4.9615, 67.4919, -87.8615, 1.6459, 1.6459, 0.4853 
0.1078, -2.2702, 4.9656, -47.5276, 54.7759, 1.2882, 1.2882, 0.2807 
0.1088, -2.2355, 4.9558, 20.6143, -28.6935, 1.6869, 1.6869, 0.3793 
0.1091, -2.2733, 5.0007, -57.5580, 69.8212, 1.0818, 1.0818, 0.1246 
0.1080, -2.2753, 4.9745, -150.0000, 150.0000, -1.9218, -1.9218, -0.8859 
0.1083, -2.3116, 5.0187, -137.5077, 104.4681, -2.7139, -2.7139, -0.9594 
0.1084, -2.2753, 4.9860, 95.8024, -85.2602, -2.1924, -2.1924, -0.5973 
0.1099, -2.2514, 4.9992, 107.0460, -89.3009, -1.3162, -1.3162, -0.2046 
0.1079, -2.2680, 4.9662, 24.9588, -20.2494, -1.0840, -1.0840, -0.1141 
0.1093, -2.2370, 4.9695, 134.1089, -121.2093, 0.4480, 0.4480, 0.3965 
0.1081, -2.2593, 4.9611, 4.5590, -12.7841, 0.8535, 0.8535, 0.4312 
0.1078, -2.2627, 4.9578, -16.3485, 14.1654, 0.9611, 0.9611, 0.3701 
0.1086, -2.2471, 4.9632, 92.5079, -122.8639, 2.4599, 2.4599, 0.8009 
0.1086, -2.2359, 4.9513, 34.8894, -54.4434, 3.4288, 3.4288, 0.9796 
0.1102, -2.2227, 4.9778, -150.0000, 150.0000, -0.0986, -0.0986, -0.3762 
0.1081, -2.2790, 4.9803, -150.0000, 150.0000, -1.0203, -1.0203, -0.5781 
0.1089, -2.2905, 5.0124, -150.0000, 150.0000, -2.4756, -2.4756, -0.9340 
0.1088, -2.2748, 4.9937, -8.2738, 19.7297, -2.8608, -2.8608, -0.8765 
0.1096, -2.2733, 5.0122, 29.3050, -31.3690, -2.9630, -2.9630, -0.7551 
0.1089, -2.2535, 4.9769, 95.3316, -81.1191, -2.2596, -2.2596, -0.4022 
0.1108, -2.2247, 4.9952, 96.4607, -77.7156, -1.3340, -1.3340, -0.0538 
0.1089, -2.2393, 4.9611, 14.7206, -9.7471, -1.0887, -1.0887, -0.0049 
0.1088, -2.2431, 4.9632, 126.2248, -113.2043, 0.4468, 0.4468, 0.4739 
0.1099, -2.2073, 4.9540, -1.1939, -7.0498, 0.8531, 0.8531, 0.4857 
0.1101, -2.2336, 4.9861, -20.4197, 18.2317, 0.9610, 0.9610, 0.4084 
0.1087, -2.2154, 4.9338, 89.6463, -120.0037, 2.4599, 2.4599, 0.8277 
0.1098, -2.2126, 4.9563, -9.5936, 1.5792, 2.8566, 2.8566, 0.8053 
0.1098, -2.2129, 4.9586, -25.8450, 23.7192, 2.9619, 2.9619, 0.7062 
0.1114, -2.1788, 4.9648, -23.1705, 22.6063, 2.9899, 2.9899, 0.6146 
0.1108, -2.2032, 4.9722, -17.5678, 17.4180, 2.9973, 2.9973, 0.5447 
0.1110, -2.2049, 4.9806, -12.6554, 12.6157, 2.9993, 2.9993, 0.4941 
0.1098, -2.1764, 4.9205, 150.0000, -150.0000, 5.5486, 5.5486, 1.3174 
0.1122, -2.1975, 5.0032, -150.0000, 150.0000, 2.8551, 2.8551, 0.2210 
0.1102, -2.2215, 4.9756, -111.4340, 129.2564, 2.1174, 2.1174, 0.0127 
0.1114, -2.1969, 4.9810, 3.8353, 0.2662, 1.9147, 1.9147, 0.0199 
0.1115, -2.1930, 4.9817, 12.3176, -11.1913, 1.8591, 1.8591, 0.0669 
0.1118, -2.1861, 4.9812, 11.2657, -10.9563, 1.8438, 1.8438, 0.1113 
0.1106, -2.2145, 4.9802, 8.6122, -8.5271, 1.8396, 1.8396, 0.1456 
0.1117, -2.1852, 4.9787, 6.2280, -6.2046, 1.8385, 1.8385, 0.1705 
0.1106, -2.2306, 4.9966, -70.0060, 90.3330, 0.8356, 0.8356, -0.1502 
0.1104, -2.2262, 4.9871, -88.4164, 95.6048, -0.4813, -0.4813, -0.5182 
0.1117, -2.2284, 5.0211, -140.5999, 103.0815, -2.3328, -2.3328, -1.0056 
0.1105, -2.2323, 4.9954, 7.2911, -17.1949, -2.8229, -2.8229, -0.9566 
0.1114, -2.2298, 5.0137, 33.0425, -35.6689, -2.9530, -2.9530, -0.8192 
0.1105, -2.2248, 4.9884, 30.5458, -31.2428, -2.9875, -2.9875, -0.6956 
0.1116, -2.2182, 5.0084, 23.3508, -23.5358, -2.9967, -2.9967, -0.6019 
0.1111, -2.1830, 4.9602, 150.0000, -126.0560, -1.5289, -1.5289, -0.0383 
0.1115, -2.1953, 4.9840, 30.9964, -17.3795, -1.1404, -1.1404, 0.0470 
0.1104, -2.2252, 4.9863, -4.4672, 6.5583, -1.0373, -1.0373, 0.0250 
0.1117, -2.1741, 4.9670, 120.6198, -108.9176, 0.4604, 0.4604, 0.4840 
0.1105, -2.1980, 4.9601, -2.5644, -5.4764, 0.8567, 0.8567, 0.4898 
0.1117, -2.1649, 4.9563, -20.8972, 18.7631, 0.9620, 0.9620, 0.4105 
0.1119, -2.1926, 4.9900, -19.6993, 19.1328, 0.9899, 0.9899, 0.3329 
0.1108, -2.1980, 4.9675, -15.1359, 14.9855, 0.9973, 0.9973, 0.2726 
0.1103, -2.1837, 4.9405, 98.1849, -128.0002, 2.4695, 2.4695, 0.7250 
0.1126, -2.1462, 4.9621, -2.3284, -5.5431, 2.8592, 2.8592, 0.7314 
0.1119, -2.1685, 4.9650, -20.4188, 18.3309, 2.9626, 2.9626, 0.6539 
0.1121, -2.1688, 4.9717, -19.2818, 18.7276, 2.9901, 2.9901, 0.5779 
0.1123, -2.1722, 4.9796, -14.8217, 14.6745, 2.9974, 2.9974, 0.5189 
0.1110, -2.1765, 4.9522, -10.7268, 10.6877, 2.9993, 2.9993, 0.4761 
0.1120, -2.1812, 4.9824, -7.6021, 7.5917, 2.9998, 2.9998, 0.4457 
0.1121, -2.1503, 4.9535, -5.3463, 5.3435, 3.0000, 3.0000, 0.4243 
0.1123, -2.1768, 4.9841, -3.7490, 3.7482, 3.0000, 3.0000, 0.4093 
0.1111, -2.1914, 4.9700, -57.5301, 72.4736, 2.2604, 2.2604, 0.1493 
0.1122, -2.1660, 4.9722, -4.3291, 8.2266, 2.0677, 2.0677, 0.1242 
0.1110, -2.1969, 4.9711, 6.3322, -5.3178, 2.0176, 2.0176, 0.1475 
0.1121, -2.2002, 5.0016, -150.0000, 150.0000, -0.8829, -0.8829, -0.8000 
0.1137, -2.1528, 4.9962, 95.1277, -63.8791, 0.4760, 0.4760, -0.1345 
0.1103, -2.2014, 4.9584, 41.6227, -49.0220, 0.8407, 0.8407, 0.0468 
0.1124, -2.1707, 4.9807, 11.6593, -13.6509, 0.9389, 0.9389, 0.0974 
0.1126, -2.1657, 4.9796, 3.4564, -3.9925, 0.9654, 0.9654, 0.1123 
0.1113, -2.1831, 4.9657, 57.7100, -73.2973, 1.7344, 1.7344, 0.3743 
0.1124, -2.1492, 4.9592, 3.7481, -7.9963, 1.9442, 1.9442, 0.3978 
0.1127, -2.1878, 5.0050, -64.1957, 78.5441, 1.2360, 1.2360, 0.1123 
0.1116, -2.1975, 4.9869, -10.9937, 14.8591, 1.0453, 1.0453, 0.0606 
0.1113, -2.2038, 4.9865, -150.0000, 150.0000, -3.4104, -3.4104, -1.4219 
0.1127, -2.2084, 5.0264, -150.0000, 150.0000, -4.5788, -4.5788, -1.5168 
0.1108, -2.2339, 5.0033, -88.1485, 10.6531, -4.8882, -4.8882, -1.3370 
0.1112, -2.2386, 5.0197, 46.9328, -48.5744, -4.9703, -4.9703, -1.1459 
0.1101, -2.2424, 4.9937, 37.5326, -37.9683, -4.9921, -4.9921, -0.9949 
0.1103, -2.2302, 4.9864, 97.2307, -82.5371, -4.2583, -4.2583, -0.6354 
0.1116, -2.2095, 4.9996, 95.1240, -76.5283, -3.3336, -3.3336, -0.2921 
0.1095, -2.2322, 4.9689, 13.8600, -8.9190, -3.0886, -3.0886, -0.2465 
0.1120, -2.1989, 4.9994, -4.2649, 5.5774, -3.0235, -3.0235, -0.2662 
0.1101, -2.1971, 4.9486, 132.1823, -102.0979, -1.5360, -1.5360, 0.2023 
0.1099, -2.2224, 4.9697, 7.6356, 0.3441, -1.1423, -1.1423, 0.2169 
0.1110, -2.1954, 4.9701, -17.0971, 19.2164, -1.0378, -1.0378, 0.1443 
0.1113, -2.1790, 4.9627, 51.9975, -36.4267, -0.2702, -0.2702, 0.3211 
0.1102, -2.1931, 4.9485, 48.1533, -56.1271, 0.6632, 0.6632, 0.5297 
0.1114, -2.1942, 4.9788, -15.1478, 10.1300, 0.9106, 0.9106, 0.4791 
0.1102, -2.1997, 4.9542, -22.5252, 21.1933, 0.9763, 0.9763, 0.3917 
0.1128, -2.1706, 4.9906, -18.9327, 18.5792, 0.9937, 0.9937, 0.3167 
0.1107, -2.1997, 4.9685, -14.0932, 13.9993, 0.9983, 0.9983, 0.2605 
0.1104, -2.1947, 4.9559, 44.8146, -59.8304, 1.7392, 1.7392, 0.4698 
0.1115, -2.1623, 4.9488, -4.6159, 0.7087, 1.9321, 1.9321, 0.4591 
0.1116, -2.1887, 4.9791, -12.6084, 11.5921, 1.9823, 1.9823, 0.4107 
0.1104, -2.1925, 4.9530, -11.2661, 11.0018, 1.9954, 1.9954, 0.3662 
0.1115, -2.1990, 4.9870, -8.5211, 8.4523, 1.9988, 1.9988, 0.3322 
0.1117, -2.1700, 4.9620, -6.1299, 6.1120, 1.9997, 1.9997, 0.3078 
0.1105, -2.1986, 4.9606, -4.3339, 4.3292, 1.9999, 1.9999, 0.2904 
0.1116, -2.2038, 4.9933, -3.0449, 3.0437, 2.0000, 2.0000, 0.2783 
0.1117, -2.1753, 4.9688, -2.1343, 2.1340, 2.0000, 2.0000, 0.2697 
0.1107, -2.2155, 4.9821, -56.0196, 70.8997, 1.2655, 1.2655, 0.0159 
0.1118, -2.1902, 4.9864, -3.8055, 7.7589, 1.0705, 1.0705, -0.0072 
0.1106, -2.1871, 4.9533, 6.7339, -5.6842, 1.0187, 1.0187, 0.0176 
0.1104, -2.2173, 4.9768, 7.2086, -6.9299, 1.0050, 1.0050, 0.0459 
0.1115, -2.1898, 4.9765, 5.7084, -5.6344, 1.0013, 1.0013, 0.0686 
0.1117, -2.1855, 4.9780, 4.1717, -4.1521, 1.0004, 1.0004, 0.0852 
0.1106, -2.2149, 4.9795, 2.9669, -2.9617, 1.0001, 1.0001, 0.0971 
0.1118, -2.1867, 4.9808, 2.0892, -2.0878, 1.0000, 1.0000, 0.1054 
0.1120, -2.1820, 4.9821, 1.4657, -1.4654, 1.0000, 1.0000, 0.1113 
0.1109, -2.2111, 4.9833, 1.0269, -1.0268, 1.0000, 1.0000, 0.1154 
0.1121, -2.1827, 4.9845, 0.7191, -0.7190, 1.0000, 1.0000, 0.1183 
0.1094, -2.2139, 4.9496, 0.5034, -0.5034, 1.0000, 1.0000, 0.1203 
0.1114, -2.1857, 4.9719, 0.3524, -0.3524, 1.0000, 1.0000, 0.1217 
0.1116, -2.1807, 4.9706, 0.2467, -0.2467, 1.0000, 1.0000, 0.1227 
0.1105, -2.2097, 4.9715, 0.1727, -0.1727, 1.0000, 1.0000, 0.1234 
0.1117, -2.1813, 4.9726, 0.1209, -0.1209, 1.0000, 1.0000, 0.1238 
0.1105, -2.2124, 4.9737, 0.0846, -0.0846, 1.0000, 1.0000, 0.1242 
0.1116, -2.1841, 4.9747, 0.0592, -0.0592, 1.0000, 1.0000, 0.1244 
0.1119, -2.1792, 4.9758, 0.0415, -0.0415, 1.0000, 1.0000, 0.1246 
0.1107, -2.2081, 4.9769, 0.0290, -0.0290, 1.0000, 1.0000, 0.1247 
0.1119, -2.1797, 4.9779, 0.0203, -0.0203, 1.0000, 1.0000, 0.1248 
0.1107, -2.2108, 4.9790, 0.0142, -0.0142, 1.0000, 1.0000, 0.1248 
0.1119, -2.1825, 4.9800, 0.0100, -0.0100, 1.0000, 1.0000, 0.1249 
0.1121, -2.1775, 4.9811, 0.0070, -0.0070, 1.0000, 1.0000, 0.1249 
0.1110, -2.2065, 4.9822, 0.0049, -0.0049, 1.0000, 1.0000, 0.1249 
0.1122, -2.1780, 4.9832, 0.0034, -0.0034, 1.0000, 1.0000, 0.1249 
0.1110, -2.2091, 4.9843, 0.0024, -0.0024, 1.0000, 1.0000, 0.1250 
0.1107, -2.1809, 4.9493, 0.0017, -0.0017, 1.0000, 1.0000, 0.1250 
0.1104, -2.2120, 4.9715, 0.0012, -0.0012, 1.0000, 1.0000, 0.1250 
0.1115, -2.1837, 4.9702, 0.0008, -0.0008, 1.0000, 1.0000, 0.1250 
0.1117, -2.1787, 4.9711, 0.0006, -0.0006, 1.0000, 1.0000, 0.1250 
0.1106, -2.2077, 4.9722, 0.0004, -0.0004, 1.0000, 1.0000, 0.1250 
0.1118, -2.1792, 4.9732, 0.0003, -0.0003, 1.0000, 1.0000, 0.1250 
0.1106, -2.2103, 4.9743, 0.0002, -0.0002, 1.0000, 1.0000, 0.1250 
0.1117, -2.1820, 4.9753, 0.0001, -0.0001, 1.0000, 1.0000, 0.1250 
0.1120, -2.1771, 4.9764, 0.0001, -0.0001, 1.0000, 1.0000, 0.1250 
0.1109, -2.2060, 4.9775, 0.0001, -0.0001, 1.0000, 1.0000, 0.1250 
0.1120, -2.1776, 4.9785, 0.0000, -0.0000, 1.0000, 1.0000, 0.1250 
0.1108, -2.2087, 4.9796, 0.0000, -0.0000, 1.0000, 1.0000, 0.1250 
0.1120, -2.1804, 4.9806, 0.0000, -0.0000, 1.0000, 1.0000, 0.1250 
0.1108, -2.2115, 4.9817, 0.0000, -0.0000, 1.0000, 1.0000, 0.1250 
0.1120, -2.1832, 4.9827, 0.0000, -0.0000, 1.0000, 1.0000, 0.1250 
0.1122, -2.1782, 4.9838, 0.0000, -0.0000, 1.0000, 1.0000, 0.1250 
0.1111, -2.2072, 4.9849, 0.0000, -0.0000, 1.0000, 1.0000, 0.1250 
0.1108, -2.1788, 4.9499, 0.0000, -0.0000, 1.0000, 1.0000, 0.1250 
0.1105, -2.2098, 4.9721, 0.0000, -0.0000, 1.0000, 1.0000, 0.1250 
0.1116, -2.1816, 4.9708, 0.0000, -0.0000, 1.0000, 1.0000, 0.1250 
0.1118, -2.1766, 4.9717, 0.0000, -0.0000, 1.0000, 1.0000, 0.1250 
0.1107, -2.2056, 4.9727, 0.0000, -0.0000, 1.0000, 1.0000, 0.1250 
0.1119, -2.1771, 4.9738, 0.0000, -0.0000, 1.0000, 1.0000, 0.1250 
0.1107, -2.2082, 4.9749, 0.0000, -0.0000, 1.0000, 1.0000, 0.1250 
0.1118, -2.1799, 4.9759, 0.0000, -0.0000, 1.0000, 1.0000, 0.1250 
0.1106, -2.2110, 4.9770, 0.0000, -0.0000, 1.0000, 1.0000, 0.1250 
0.1118, -2.1827, 4.9780, 0.0000, -0.0000, 1.0000, 1.0000, 0.1250 
0.1121, -2.1778, 4.9791, 0.0000, -0.0000, 1.0000, 1.0000, 0.1250 
0.1109, -2.2067, 4.9802, 0.0000, -0.0000, 1.0000, 1.0000, 0.1250 
0.1121, -2.1783, 4.9812, 0.0000, -0.0000, 1.0000, 1.0000, 0.1250 
0.1109, -2.2094, 4.9823, 0.0000, -0.0000, 1.0000, 1.0000, 0.1250 
0.1121, -2.1811, 4.9833, 0.0000, -0.0000, 1.0000, 1.0000, 0.1250 
0.1123, -2.1761, 4.9844, 0.0000, -0.0000, 1.0000, 1.0000, 0.1250 
0.1112, -2.2051, 4.9855, 0.0000, -0.0000, 1.0000, 1.0000, 0.1250 
0.1110, -2.1766, 4.9504, 0.0000, -0.0000, 1.0000, 1.0000, 0.1250 
0.1106, -2.2077, 4.9727, 0.0000, -0.0000, 1.0000, 1.0000, 0.1250 
0.1117, -2.1794, 4.9714, 0.0000, -0.0000, 1.0000, 1.0000, 0.1250 
0.1105, -2.2106, 4.9723, 0.0000, -0.0000, 1.0000, 1.0000, 0.1250 
0.1116, -2.1823, 4.9733, 0.0000, -0.0000, 1.0000, 1.0000, 0.1250 
0.1119, -2.1773, 4.9744, 0.0000, -0.0000, 1.0000, 1.0000, 0.1250 
0.1108, -2.2063, 4.9755, 0.0000, -0.0000, 1.0000, 1.0000, 0.1250 
0.1119, -2.1778, 4.9765, 0.0000, -0.0000, 1.0000, 1.0000, 0.1250 
0.1107, -2.2089, 4.9776, 0.0000, -0.0000, 1.0000, 1.0000, 0.1250 
0.1119, -2.1806, 4.9786, 0.0000, -0.0000, 1.0000, 1.0000, 0.1250 
0.1122, -2.1757, 4.9797, 0.0000, -0.0000, 1.0000, 1.0000, 0.1250 
0.1110, -2.2046, 4.9808, 0.0000, -0.0000, 1.0000, 1.0000, 0.1250 
0.1122, -2.1762, 4.9818, 0.0000, -0.0000, 1.0000, 1.0000, 0.1250 
0.1110, -2.2073, 4.9829, 0.0000, -0.0000, 1.0000, 1.0000, 0.1250 
0.1123, -2.1903, 4.9977, -54.9018, 69.9063, 0.2604, 0.2604, -0.1246 
0.1111, -2.1793, 4.9556, 52.1159, -63.1381, 0.8036, 0.8036, 0.1059 
0.1109, -2.2184, 4.9910, -44.5315, 56.5919, 0.2092, 0.2092, -0.0964 
0.1120, -2.1833, 4.9821, 52.3065, -64.0914, 0.7901, 0.7901, 0.1364 
0.1122, -2.1767, 4.9813, 8.6209, -11.7484, 0.9443, 0.9443, 0.1772 
0.1112, -2.2161, 4.9959, -56.2786, 70.4475, 0.2458, 0.2458, -0.0763 
0.1110, -2.1923, 4.9676, -5.4740, 9.1649, 0.0640, 0.0640, -0.1056 
0.1121, -2.1797, 4.9811, 59.5541, -73.5043, 0.7515, 0.7515, 0.1605 
0.1108, -2.2066, 4.9777, 8.5522, -12.2542, 0.9340, 0.9340, 0.2022 
0.1120, -2.1769, 4.9774, -2.8098, 1.8271, 0.9825, 0.9825, 0.1929 
0.1109, -2.2185, 4.9920, -59.1976, 73.9396, 0.2558, 0.2558, -0.0734 
0.1108, -2.1948, 4.9637, -6.1454, 9.9858, 0.0666, 0.0666, -0.1057 
0.1118, -2.1822, 4.9772, 59.4431, -73.3547, 0.7522, 0.7522, 0.1599 
0.1120, -2.1731, 4.9739, 8.5663, -12.2581, 0.9342, 0.9342, 0.2016 
0.1109, -2.2006, 4.9735, -2.7756, 1.7956, 0.9825, 0.9825, 0.1924 
0.1122, -2.1827, 4.9882, -59.1672, 73.9099, 0.2558, 0.2558, -0.0737 
0.1110, -2.2071, 4.9816, 48.5015, -59.5915, 0.8024, 0.8024, 0.1425 
0.1122, -2.1772, 4.9810, 7.6075, -10.5507, 0.9476, 0.9476, 0.1788 
0.1111, -2.2188, 4.9956, -56.5511, 70.7693, 0.2467, 0.2467, -0.0758 
0.1108, -2.1838, 4.9529, 49.0735, -60.2994, 0.8000, 0.8000, 0.1429 
0.1118, -2.1772, 4.9735, 7.6852, -10.6645, 0.9469, 0.9469, 0.1796 
0.1106, -2.2053, 4.9713, -1.6996, 0.9087, 0.9859, 0.9859, 0.1744 
0.1119, -2.1876, 4.9860, -57.9658, 72.7590, 0.2567, 0.2567, -0.0871 
0.1121, -2.1761, 4.9795, 49.4638, -60.5407, 0.8027, 0.8027, 0.1329 
0.1110, -2.2036, 4.9790, 8.3122, -11.2520, 0.9476, 0.9476, 0.1721 
0.1122, -2.1743, 4.9793, -1.1667, 0.3863, 0.9861, 0.9861, 0.1690 
0.1111, -2.2162, 4.9942, -57.5679, 72.3640, 0.2567, 0.2567, -0.0909 
0.1109, -2.1927, 4.9661, -4.8752, 8.7297, 0.0668, 0.0668, -0.1181 
0.1120, -2.1802, 4.9798, 60.3661, -74.2740, 0.7523, 0.7523, 0.1512 
0.1122, -2.1712, 4.9765, 9.2210, -12.9118, 0.9342, 0.9342, 0.1954 
0.1111, -2.1988, 4.9762, -2.3149, 1.3352, 0.9825, 0.9825, 0.1881 
0.1123, -2.1696, 4.9765, -3.9487, 3.6886, 0.9954, 0.9954, 0.1729 
0.1111, -2.2001, 4.9770, -3.3822, 3.3131, 0.9988, 0.9988, 0.1595 
0.1124, -2.1828, 4.9921, -57.4330, 72.4190, 0.2601, 0.2601, -0.1002 
0.1111, -2.2075, 4.9858, 50.2998, -61.3268, 0.8036, 0.8036, 0.1230 
0.1109, -2.1779, 4.9494, 9.0162, -11.9426, 0.9478, 0.9478, 0.1649 
0.1119, -2.1722, 4.9709, -0.6424, -0.1344, 0.9862, 0.9862, 0.1639 
0.1107, -2.2006, 4.9691, -2.2958, 2.0896, 0.9963, 0.9963, 0.1551 
0.1120, -2.1832, 4.9841, -56.9977, 71.9471, 0.2594, 0.2594, -0.1027 
0.1108, -2.2079, 4.9778, 50.5165, -61.5530, 0.8034, 0.8034, 0.1214 
0.1120, -2.1783, 4.9775, 9.1453, -12.0743, 0.9478, 0.9478, 0.1638 
0.1122, -2.1726, 4.9778, -0.5580, -0.2195, 0.9861, 0.9861, 0.1632 
0.1112, -2.2124, 4.9928, -57.1351, 71.9319, 0.2568, 0.2568, -0.0950 
0.1124, -2.1775, 4.9864, 50.0538, -61.1298, 0.8027, 0.8027, 0.1274 
0.1112, -2.1712, 4.9499, 8.7275, -11.6669, 0.9476, 0.9476, 0.1682 
0.1109, -2.1994, 4.9714, -0.8755, 0.0952, 0.9861, 0.9861, 0.1662 
0.1121, -2.1817, 4.9841, -57.3639, 72.1600, 0.2567, 0.2567, -0.0928 
0.1108, -2.2063, 4.9775, 49.8919, -60.9681, 0.8027, 0.8027, 0.1289 
0.1120, -2.1766, 4.9770, 8.6136, -11.5532, 0.9476, 0.9476, 0.1692 
0.1108, -2.2070, 4.9773, -0.9553, 0.1749, 0.9861, 0.9861, 0.1670 
0.1120, -2.1781, 4.9778, -2.5231, 2.3159, 0.9963, 0.9963, 0.1573 
0.1124, -2.1841, 4.9930, -57.1589, 72.1081, 0.2594, 0.2594, -0.1012 
0.1112, -2.2067, 4.9867, 50.4031, -61.4396, 0.8034, 0.8034, 0.1225 
0.1109, -2.1769, 4.9502, 9.0657, -11.9947, 0.9478, 0.9478, 0.1646 
0.1120, -2.1712, 4.9718, -0.6138, -0.1637, 0.9861, 0.9861, 0.1637 
0.1108, -2.1997, 4.9700, -2.2774, 2.0710, 0.9963, 0.9963, 0.1550 
0.1120, -2.1709, 4.9705, -2.0847, 2.0299, 0.9990, 0.9990, 0.1468 
0.1109, -2.2131, 4.9857, -56.4910, 71.4808, 0.2601, 0.2601, -0.1092 
0.1120, -2.1785, 4.9795, 50.9684, -61.9943, 0.8036, 0.8036, 0.1167 
0.1123, -2.1723, 4.9793, 9.4865, -12.4127, 0.9479, 0.9479, 0.1605 
0.1112, -2.2006, 4.9796, -0.3126, -0.4642, 0.9862, 0.9862, 0.1608 
0.1123, -2.1716, 4.9802, -2.0648, 1.8586, 0.9963, 0.9963, 0.1530 
0.1111, -2.2024, 4.9809, -1.9354, 1.8807, 0.9990, 0.9990, 0.1454 
0.1124, -2.1852, 4.9962, -56.3863, 71.3762, 0.2601, 0.2601, -0.1102 
0.1112, -2.1740, 4.9540, 51.0416, -62.0676, 0.8036, 0.8036, 0.1161 
0.1109, -2.2017, 4.9749, 9.5378, -12.4640, 0.9479, 0.9479, 0.1601 
0.1120, -2.1726, 4.9729, -0.2767, -0.5001, 0.9862, 0.9862, 0.1605 
0.1108, -2.2032, 4.9733, -2.0396, 1.8334, 0.9963, 0.9963, 0.1528 
0.1121, -2.1859, 4.9885, -56.8183, 71.7677, 0.2594, 0.2594, -0.1044 
0.1123, -2.1747, 4.9822, 50.6421, -61.6785, 0.8034, 0.8034, 0.1202 
0.1112, -2.2023, 4.9819, 9.2332, -12.1622, 0.9478, 0.9478, 0.1630 
0.1124, -2.1731, 4.9822, -0.4965, -0.2810, 0.9861, 0.9861, 0.1626 
0.1112, -2.2037, 4.9828, -2.1953, 1.9889, 0.9963, 0.9963, 0.1542 
0.1124, -2.1864, 4.9973, -56.9277, 71.8771, 0.2594, 0.2594, -0.1034 
0.1112, -2.1752, 4.9549, 50.5654, -61.6019, 0.8034, 0.8034, 0.1209 
0.1109, -2.2028, 4.9757, 9.1795, -12.1085, 0.9478, 0.9478, 0.1635 
0.1120, -2.1736, 4.9737, -0.5341, -0.2434, 0.9861, 0.9861, 0.1629 
0.1108, -2.2042, 4.9741, -2.2216, 2.0152, 0.9963, 0.9963, 0.1545 
0.1120, -2.1756, 4.9748, -2.0457, 1.9909, 0.9990, 0.9990, 0.1464 
0.1109, -2.2178, 4.9901, -56.4636, 71.4535, 0.2601, 0.2601, -0.1094 
0.1120, -2.1832, 4.9839, 50.9875, -62.0135, 0.8036, 0.8036, 0.1166 
0.1123, -2.1770, 4.9836, 9.4999, -12.4261, 0.9479, 0.9479, 0.1604 
0.1111, -2.2053, 4.9840, -0.3032, -0.4736, 0.9862, 0.9862, 0.1608 
0.1123, -2.1764, 4.9845, -2.0582, 1.8520, 0.9963, 0.9963, 0.1529 
0.1126, -2.1711, 4.9853, -1.9308, 1.8761, 0.9990, 0.9990, 0.1453 
0.1115, -2.1998, 4.9861, -1.4817, 1.4672, 0.9997, 0.9997, 0.1394 
0.1126, -2.1825, 4.9978, -55.9734, 70.9741, 0.2603, 0.2603, -0.1145 
0.1114, -2.1713, 4.9553, 51.3565, -62.3797, 0.8036, 0.8036, 0.1130 
0.1111, -2.1991, 4.9762, 9.7648, -12.6903, 0.9479, 0.9479, 0.1579 
0.1122, -2.1699, 4.9742, -0.1160, -0.6606, 0.9862, 0.9862, 0.1590 
0.1110, -2.2006, 4.9747, -1.9267, 1.7206, 0.9963, 0.9963, 0.1517 
0.1121, -2.1720, 4.9754, -1.8387, 1.7839, 0.9990, 0.9990, 0.1445 
0.1109, -2.2029, 4.9762, -1.4171, 1.4026, 0.9997, 0.9997, 0.1388 
0.1122, -2.1858, 4.9916, -55.9282, 70.9289, 0.2603, 0.2603, -0.1149 
0.1110, -2.1746, 4.9494, 51.3881, -62.4113, 0.8036, 0.8036, 0.1127 
0.1107, -2.2023, 4.9703, 9.7869, -12.7124, 0.9479, 0.9479, 0.1577 
0.1118, -2.1732, 4.9684, -0.1005, -0.6761, 0.9862, 0.9862, 0.1589 
0.1106, -2.2039, 4.9688, -1.9159, 1.7097, 0.9963, 0.9963, 0.1516 
0.1118, -2.1753, 4.9695, -1.8311, 1.7763, 0.9990, 0.9990, 0.1444 
0.1106, -2.2062, 4.9704, -1.4118, 1.3973, 0.9997, 0.9997, 0.1388 
0.1119, -2.1891, 4.9857, -55.9245, 70.9251, 0.2603, 0.2603, -0.1149 
0.1121, -2.1779, 4.9796, 51.3907, -62.4139, 0.8036, 0.8036, 0.1127 
0.1124, -2.1696, 4.9794, 9.7888, -12.7142, 0.9479, 0.9479, 0.1577 
0.1113, -2.1977, 4.9798, -0.0992, -0.6773, 0.9862, 0.9862, 0.1588 
0.1125, -2.1688, 4.9804, -1.9150, 1.7088, 0.9963, 0.9963, 0.1516 
0.1113, -2.1996, 4.9811, -1.8304, 1.7757, 0.9990, 0.9990, 0.1444 
0.1124, -2.1711, 4.9820, -1.4114, 1.3968, 0.9997, 0.9997, 0.1388 
0.1112, -2.2020, 4.9829, -1.0225, 1.0186, 0.9999, 0.9999, 0.1347 
0.1125, -2.1850, 4.9976, -55.6267, 70.6302, 0.2604, 0.2604, -0.1178 
0.1113, -2.1738, 4.9553, 51.6060, -62.6285, 0.8036, 0.8036, 0.1106 
0.1110, -2.2016, 4.9763, 9.9412, -12.8665, 0.9479, 0.9479, 0.1563 
0.1121, -2.1725, 4.9744, 0.0080, -0.7845, 0.9862, 0.9862, 0.1578 
0.1109, -2.2032, 4.9748, -1.8398, 1.6337, 0.9963, 0.9963, 0.1509 
0.1120, -2.1746, 4.9756, -1.7778, 1.7231, 0.9990, 0.9990, 0.1439 
0.1108, -2.2055, 4.9764, -1.3745, 1.3600, 0.9997, 0.9997, 0.1384 
0.1120, -2.1770, 4.9773, -0.9967, 0.9928, 0.9999, 0.9999, 0.1344 
0.1123, -2.1720, 4.9783, -0.7069, 0.7058, 1.0000, 1.0000, 0.1316 
0.1111, -2.2008, 4.9793, -0.4972, 0.4970, 1.0000, 1.0000, 0.1296 
0.1124, -2.1837, 4.9947, -55.2505, 70.2549, 0.2604, 0.2604, -0.1214 
0.1112, -2.1726, 4.9526, 51.8717, -62.8939, 0.8036, 0.8036, 0.1081 
0.1109, -2.2004, 4.9736, 10.1278, -13.0530, 0.9479, 0.9479, 0.1545 
0.1120, -2.1713, 4.9717, 0.1387, -0.9152, 0.9862, 0.9862, 0.1566 
0.1108, -2.2019, 4.9721, -1.7483, 1.5421, 0.9963, 0.9963, 0.1500 
0.1120, -2.1734, 4.9729, -1.7137, 1.6590, 0.9990, 0.9990, 0.1433 
0.1108, -2.2043, 4.9737, -1.3296, 1.3151, 0.9997, 0.9997, 0.1380 
0.1120, -2.1758, 4.9746, -0.9653, 0.9614, 0.9999, 0.9999, 0.1341 
0.1123, -2.1821, 4.9900, -55.5866, 70.5901, 0.2604, 0.2604, -0.1182 
0.1112, -2.2049, 4.9839, 51.6341, -62.6565, 0.8036, 0.8036, 0.1104 
0.1109, -2.1752, 4.9477, 9.9609, -12.8861, 0.9479, 0.9479, 0.1561 
0.1120, -2.1696, 4.9693, 0.0217, -0.7982, 0.9862, 0.9862, 0.1577 
0.1108, -2.1982, 4.9676, -1.8302, 1.6240, 0.9963, 0.9963, 0.1508 
0.1119, -2.1694, 4.9681, -1.7711, 1.7163, 0.9990, 0.9990, 0.1438 
0.1107, -2.2003, 4.9690, -1.3698, 1.3553, 0.9997, 0.9997, 0.1384 
0.1119, -2.1718, 4.9699, -0.9934, 0.9895, 0.9999, 0.9999, 0.1344 
0.1107, -2.2028, 4.9708, -0.7045, 0.7035, 1.0000, 1.0000, 0.1316 
0.1119, -2.1745, 4.9718, -0.4956, 0.4953, 1.0000, 1.0000, 0.1296 
0.1123, -2.1808, 4.9873, -55.2493, 70.2538, 0.2604, 0.2604, -0.1214 
0.1111, -2.2037, 4.9812, 51.8725, -62.8947, 0.8036, 0.8036, 0.1081 
0.1123, -2.1740, 4.9810, 10.1283, -13.0535, 0.9479, 0.9479, 0.1545 
0.1125, -2.1684, 4.9814, 0.1391, -0.9156, 0.9862, 0.9862, 0.1566 
0.1114, -2.1970, 4.9821, -1.7480, 1.5418, 0.9963, 0.9963, 0.1500 
0.1126, -2.1682, 4.9828, -1.7135, 1.6588, 0.9990, 0.9990, 0.1433 
0.1114, -2.1991, 4.9837, -1.3295, 1.3150, 0.9997, 0.9997, 0.1380 
0.1111, -2.1707, 4.9485, -0.9652, 0.9613, 0.9999, 0.9999, 0.1341 
0.1108, -2.2017, 4.9707, -0.6848, 0.6838, 1.0000, 1.0000, 0.1314 
0.1118, -2.1733, 4.9693, -0.4818, 0.4815, 1.0000, 1.0000, 0.1295 
0.1106, -2.2044, 4.9702, -0.3379, 0.3378, 1.0000, 1.0000, 0.1281 
0.1119, -2.1874, 4.9856, -55.1385, 70.1430, 0.2604, 0.2604, -0.1224 
0.1121, -2.1763, 4.9796, 51.9502, -62.9724, 0.8036, 0.8036, 0.1074 
0.1125, -2.1680, 4.9794, 10.1828, -13.1080, 0.9479, 0.9479, 0.1540 
0.1113, -2.1962, 4.9798, 0.1772, -0.9537, 0.9862, 0.9862, 0.1563 
0.1125, -2.1673, 4.9805, -1.7213, 1.5151, 0.9963, 0.9963, 0.1498 
0.1113, -2.1981, 4.9812, -1.6948, 1.6401, 0.9990, 0.9990, 0.1431 
0.1125, -2.1696, 4.9821, -1.3164, 1.3019, 0.9997, 0.9997, 0.1379 
0.1113, -2.2006, 4.9830, -0.9560, 0.9522, 0.9999, 0.9999, 0.1341 
0.1125, -2.1722, 4.9840, -0.6784, 0.6774, 1.0000, 1.0000, 0.1313 
0.1113, -2.2032, 4.9849, -0.4773, 0.4770, 1.0000, 1.0000, 0.1294 
0.1110, -2.1749, 4.9499, -0.3348, 0.3347, 1.0000, 1.0000, 0.1281 
0.1122, -2.1813, 4.9865, -55.1363, 70.1408, 0.2604, 0.2604, -0.1225 
0.1110, -2.2041, 4.9782, 51.9517, -62.9739, 0.8036, 0.8036, 0.1074 
0.1121, -2.1745, 4.9778, 10.1839, -13.1091, 0.9479, 0.9479, 0.1540 
0.1124, -2.1689, 4.9782, 0.1779, -0.9545, 0.9862, 0.9862, 0.1562 
0.1113, -2.1974, 4.9789, -1.7208, 1.5146, 0.9963, 0.9963, 0.1498 
0.1124, -2.1687, 4.9796, -1.6944, 1.6397, 0.9990, 0.9990, 0.1431 
0.1112, -2.1996, 4.9805, -1.3162, 1.3016, 0.9997, 0.9997, 0.1379 
0.1124, -2.1711, 4.9814, -0.9559, 0.9520, 0.9999, 0.9999, 0.1341 
0.1112, -2.2021, 4.9823, -0.6783, 0.6772, 1.0000, 1.0000, 0.1313 
0.1124, -2.1738, 4.9833, -0.4772, 0.4769, 1.0000, 1.0000, 0.1294 
0.1127, -2.1801, 4.9977, -55.2365, 70.2409, 0.2604, 0.2604, -0.1215 
0.1101, -2.2030, 4.9555, 51.8815, -62.9037, 0.8036, 0.8036, 0.1081 
0.1121, -2.1733, 4.9764, 10.1346, -13.0598, 0.9479, 0.9479, 0.1544 
0.1123, -2.1677, 4.9746, 0.1435, -0.9200, 0.9862, 0.9862, 0.1566 
0.1111, -2.1963, 4.9750, -1.7449, 1.5387, 0.9963, 0.9963, 0.1500 
0.1123, -2.1675, 4.9758, -1.7113, 1.6566, 0.9990, 0.9990, 0.1433 
0.1111, -2.1984, 4.9766, -1.3280, 1.3135, 0.9997, 0.9997, 0.1380 
0.1123, -2.1700, 4.9775, -0.9641, 0.9603, 0.9999, 0.9999, 0.1341 
0.1111, -2.2010, 4.9785, -0.6841, 0.6830, 1.0000, 1.0000, 0.1314 
0.1123, -2.1726, 4.9795, -0.4813, 0.4810, 1.0000, 1.0000, 0.1295 
0.1126, -2.1790, 4.9949, -55.2393, 70.2438, 0.2604, 0.2604, -0.1215 
0.1100, -2.2018, 4.9528, 51.8795, -62.9017, 0.8036, 0.8036, 0.1081 
0.1121, -2.1721, 4.9738, 10.1332, -13.0585, 0.9479, 0.9479, 0.1545 
0.1122, -2.1666, 4.9719, 0.1425, -0.9190, 0.9862, 0.9862, 0.1566 
0.1111, -2.1951, 4.9723, -1.7456, 1.5394, 0.9963, 0.9963, 0.1500 
0.1123, -2.1663, 4.9731, -1.7118, 1.6571, 0.9990, 0.9990, 0.1433 
0.1111, -2.1972, 4.9739, -1.3283, 1.3138, 0.9997, 0.9997, 0.1380 
0.1122, -2.1688, 4.9749, -0.9644, 0.9605, 0.9999, 0.9999, 0.1341 
0.1110, -2.1998, 4.9758, -0.6842, 0.6832, 1.0000, 1.0000, 0.1314 
0.1122, -2.1714, 4.9768, -0.4814, 0.4811, 1.0000, 1.0000, 0.1295 
0.1111, -2.2138, 4.9923, -55.2394, 70.2438, 0.2604, 0.2604, -0.1215 
0.1108, -2.1794, 4.9501, 51.8794, -62.9016, 0.8036, 0.8036, 0.1081 
0.1119, -2.1733, 4.9711, 10.1332, -13.0584, 0.9479, 0.9479, 0.1545 
0.1107, -2.2016, 4.9692, 0.1425, -0.9190, 0.9862, 0.9862, 0.1566 
0.1119, -2.1728, 4.9697, -1.7456, 1.5394, 0.9963, 0.9963, 0.1500 
0.1121, -2.1675, 4.9704, -1.7118, 1.6571, 0.9990, 0.9990, 0.1433 
0.1110, -2.1962, 4.9713, -1.3283, 1.3138, 0.9997, 0.9997, 0.1380 
0.1122, -2.1676, 4.9722, -0.9644, 0.9605, 0.9999, 0.9999, 0.1341 
0.1110, -2.1986, 4.9731, -0.6842, 0.6832, 1.0000, 1.0000, 0.1314 
0.1122, -2.1703, 4.9741, -0.4814, 0.4811, 1.0000, 1.0000, 0.1295 
0.1111, -2.2127, 4.9896, -55.2394, 70.2439, 0.2604, 0.2604, -0.1215 
0.1122, -2.1783, 4.9835, 51.8794, -62.9016, 0.8036, 0.8036, 0.1081 
0.1124, -2.1721, 4.9833, 10.1332, -13.0584, 0.9479, 0.9479, 0.1545 
0.1113, -2.2005, 4.9838, 0.1425, -0.9190, 0.9862, 0.9862, 0.1566 
0.1111, -2.1716, 4.9484, -1.7456, 1.5394, 0.9963, 0.9963, 0.1500 
0.1122, -2.1663, 4.9703, -1.7118, 1.6571, 0.9990, 0.9990, 0.1433 
0.1109, -2.1951, 4.9688, -1.3283, 1.3138, 0.9997, 0.9997, 0.1380 
0.1121, -2.1665, 4.9695, -0.9644, 0.9605, 0.9999, 0.9999, 0.1341 
0.1109, -2.1975, 4.9705, -0.6842, 0.6832, 1.0000, 1.0000, 0.1314 
0.1122, -2.1804, 4.9859, -55.3832, 70.3874, 0.2604, 0.2604, -0.1201 
0.1124, -2.1694, 4.9798, 51.7783, -62.8006, 0.8036, 0.8036, 0.1090 
0.1113, -2.1971, 4.9796, 10.0623, -12.9875, 0.9479, 0.9479, 0.1551 
0.1125, -2.1680, 4.9801, 0.0928, -0.8693, 0.9862, 0.9862, 0.1570 
0.1113, -2.1987, 4.9807, -1.7804, 1.5742, 0.9963, 0.9963, 0.1503 
0.1125, -2.1701, 4.9815, -1.7362, 1.6814, 0.9990, 0.9990, 0.1435 
0.1113, -2.2010, 4.9823, -1.3454, 1.3309, 0.9997, 0.9997, 0.1381 
0.1124, -2.1726, 4.9832, -0.9763, 0.9724, 0.9999, 0.9999, 0.1342 
0.1127, -2.1789, 4.9976, -55.5943, 70.5978, 0.2604, 0.2604, -0.1181 
0.1101, -2.2017, 4.9554, 51.6287, -62.6511, 0.8036, 0.8036, 0.1104 
0.1122, -2.1720, 4.9763, 9.9571, -12.8824, 0.9479, 0.9479, 0.1561 
0.1123, -2.1664, 4.9744, 0.0190, -0.7956, 0.9862, 0.9862, 0.1577 
0.1112, -2.1949, 4.9748, -1.8320, 1.6259, 0.9963, 0.9963, 0.1508 
0.1124, -2.1661, 4.9756, -1.7723, 1.7176, 0.9990, 0.9990, 0.1438 
0.1112, -2.1970, 4.9764, -1.3707, 1.3562, 0.9997, 0.9997, 0.1384 
0.1123, -2.1686, 4.9773, -0.9940, 0.9902, 0.9999, 0.9999, 0.1344 
0.1111, -2.1996, 4.9783, -0.7050, 0.7040, 1.0000, 1.0000, 0.1316 
0.1123, -2.1712, 4.9793, -0.4959, 0.4957, 1.0000, 1.0000, 0.1296 
0.1127, -2.1776, 4.9947, -55.2496, 70.2540, 0.2604, 0.2604, -0.1214 
0.1101, -2.2004, 4.9526, 51.8723, -62.8945, 0.8036, 0.8036, 0.1081 
0.1121, -2.1708, 4.9736, 10.1282, -13.0534, 0.9479, 0.9479, 0.1545 
0.1123, -2.1652, 4.9717, 0.1390, -0.9155, 0.9862, 0.9862, 0.1566 
0.1111, -2.1937, 4.9722, -1.7480, 1.5419, 0.9963, 0.9963, 0.1500 
0.1123, -2.1649, 4.9729, -1.7135, 1.6588, 0.9990, 0.9990, 0.1433 
0.1111, -2.1958, 4.9737, -1.3295, 1.3150, 0.9997, 0.9997, 0.1380 
0.1123, -2.1674, 4.9747, -0.9652, 0.9613, 0.9999, 0.9999, 0.1341 
0.1112, -2.2098, 4.9901, -55.5866, 70.5901, 0.2604, 0.2604, -0.1182 
0.1123, -2.1753, 4.9840, 51.6341, -62.6566, 0.8036, 0.8036, 0.1104 
0.1126, -2.1691, 4.9837, 9.9609, -12.8862, 0.9479, 0.9479, 0.1561 
0.1100, -2.1975, 4.9481, 0.0217, -0.7982, 0.9862, 0.9862, 0.1577 
0.1121, -2.1686, 4.9699, -1.8302, 1.6240, 0.9963, 0.9963, 0.1508 
0.1108, -2.1994, 4.9683, -1.7710, 1.7163, 0.9990, 0.9990, 0.1438 
0.1119, -2.1709, 4.9690, -1.3698, 1.3553, 0.9997, 0.9997, 0.1384 
0.1122, -2.1658, 4.9699, -0.9934, 0.9895, 0.9999, 0.9999, 0.1344 
0.1110, -2.1946, 4.9708, -0.7045, 0.7035, 1.0000, 1.0000, 0.1316 
0.1122, -2.1661, 4.9718, -0.4956, 0.4953, 1.0000, 1.0000, 0.1296 
0.1112, -2.2085, 4.9873, -55.2493, 70.2538, 0.2604, 0.2604, -0.1214 
0.1123, -2.1741, 4.9812, 51.8725, -62.8947, 0.8036, 0.8036, 0.1081 
0.1125, -2.1679, 4.9810, 10.1283, -13.0535, 0.9479, 0.9479, 0.1545 
0.1114, -2.1963, 4.9815, 0.1391, -0.9156, 0.9862, 0.9862, 0.1566 
0.1126, -2.1674, 4.9821, -1.7480, 1.5418, 0.9963, 0.9963, 0.1500 
0.1114, -2.1982, 4.9829, -1.7135, 1.6588, 0.9990, 0.9990, 0.1433 
0.1126, -2.1697, 4.9837, -1.3295, 1.3150, 0.9997, 0.9997, 0.1380 
0.1129, -2.1759, 4.9976, -55.8669, 70.8675, 0.2603, 0.2603, -0.1155 
0.1103, -2.1987, 4.9553, 51.4311, -62.4542, 0.8036, 0.8036, 0.1123 
0.1123, -2.1690, 4.9762, 9.8170, -12.7425, 0.9479, 0.9479, 0.1574 
0.1124, -2.1634, 4.9743, -0.0795, -0.6971, 0.9862, 0.9862, 0.1587 
0.1113, -2.1919, 4.9747, -1.9011, 1.6950, 0.9963, 0.9963, 0.1515 
0.1125, -2.1631, 4.9754, -1.8207, 1.7660, 0.9990, 0.9990, 0.1443 
0.1113, -2.1940, 4.9763, -1.4046, 1.3901, 0.9997, 0.9997, 0.1387 
0.1125, -2.1655, 4.9772, -1.0178, 1.0139, 0.9999, 0.9999, 0.1346 
0.1114, -2.2079, 4.9926, -55.6233, 70.6268, 0.2604, 0.2604, -0.1179 
0.1111, -2.1734, 4.9504, 51.6084, -62.6308, 0.8036, 0.8036, 0.1106 
0.1122, -2.1673, 4.9714, 9.9429, -12.8681, 0.9479, 0.9479, 0.1562 
0.1110, -2.1956, 4.9695, 0.0091, -0.7856, 0.9862, 0.9862, 0.1578 
0.1121, -2.1667, 4.9699, -1.8390, 1.6329, 0.9963, 0.9963, 0.1509 
0.1109, -2.1975, 4.9706, -1.7772, 1.7225, 0.9990, 0.9990, 0.1439 
0.1121, -2.1690, 4.9715, -1.3741, 1.3596, 0.9997, 0.9997, 0.1384 
0.1125, -2.1752, 4.9868, -55.8981, 70.8987, 0.2603, 0.2603, -0.1152 
0.1113, -2.1980, 4.9807, 51.4092, -62.4324, 0.8036, 0.8036, 0.1125 
0.1125, -2.1683, 4.9805, 9.8017, -12.7272, 0.9479, 0.9479, 0.1576 
0.1127, -2.1627, 4.9809, -0.0902, -0.6864, 0.9862, 0.9862, 0.1588 
0.1116, -2.1912, 4.9815, -1.9086, 1.7025, 0.9963, 0.9963, 0.1515 
0.1128, -2.1624, 4.9822, -1.8260, 1.7713, 0.9990, 0.9990, 0.1443 
0.1116, -2.1933, 4.9831, -1.4083, 1.3937, 0.9997, 0.9997, 0.1387 
0.1128, -2.1649, 4.9840, -1.0203, 1.0165, 0.9999, 0.9999, 0.1347 
0.1102, -2.2072, 4.9633, -55.6251, 70.6286, 0.2604, 0.2604, -0.1178 
0.1122, -2.1727, 4.9784, 51.6071, -62.6295, 0.8036, 0.8036, 0.1106 
0.1124, -2.1666, 4.9758, 9.9420, -12.8673, 0.9479, 0.9479, 0.1562 
0.1112, -2.1949, 4.9761, 0.0085, -0.7850, 0.9862, 0.9862, 0.1578 
0.1124, -2.1660, 4.9767, -1.8394, 1.6333, 0.9963, 0.9963, 0.1509 
0.1112, -2.1968, 4.9774, -1.7775, 1.7228, 0.9990, 0.9990, 0.1439 
0.1124, -2.1683, 4.9783, -1.3743, 1.3598, 0.9997, 0.9997, 0.1384 
0.1128, -2.1745, 4.9936, -55.8982, 70.8989, 0.2603, 0.2603, -0.1152 
0.1102, -2.1973, 4.9514, 51.4091, -62.4323, 0.8036, 0.8036, 0.1125 
0.1122, -2.1676, 4.9724, 9.8016, -12.7271, 0.9479, 0.9479, 0.1576 
0.1123, -2.1620, 4.9705, -0.0902, -0.6863, 0.9862, 0.9862, 0.1588 
0.1112, -2.1905, 4.9709, -1.9087, 1.7025, 0.9963, 0.9963, 0.1515 
0.1124, -2.1617, 4.9716, -1.8260, 1.7713, 0.9990, 0.9990, 0.1443 
0.1112, -2.1926, 4.9724, -1.4083, 1.3938, 0.9997, 0.9997, 0.1387 
0.1124, -2.1642, 4.9733, -1.0203, 1.0165, 0.9999, 0.9999, 0.1347 
0.1113, -2.2065, 4.9887, -55.6252, 70.6287, 0.2604, 0.2604, -0.1178 
0.1124, -2.1721, 4.9826, 51.6071, -62.6295, 0.8036, 0.8036, 0.1106 
0.1127, -2.1659, 4.9824, 9.9420, -12.8673, 0.9479, 0.9479, 0.1562 
0.1115, -2.1942, 4.9828, 0.0085, -0.7850, 0.9862, 0.9862, 0.1578 
0.1127, -2.1653, 4.9835, -1.8394, 1.6333, 0.9963, 0.9963, 0.1509 
0.1115, -2.1961, 4.9842, -1.7775, 1.7228, 0.9990, 0.9990, 0.1439 
0.1127, -2.1676, 4.9851, -1.3743, 1.3598, 0.9997, 0.9997, 0.1384 
0.1116, -2.1738, 4.9644, -55.8982, 70.8989, 0.2603, 0.2603, -0.1152 
0.1113, -2.1966, 4.9794, 51.4091, -62.4323, 0.8036, 0.8036, 0.1125 
0.1124, -2.1669, 4.9768, 9.8016, -12.7271, 0.9479, 0.9479, 0.1576 
0.1126, -2.1613, 4.9771, -0.0902, -0.6863, 0.9862, 0.9862, 0.1588 
0.1115, -2.1898, 4.9777, -1.9087, 1.7025, 0.9963, 0.9963, 0.1515 
0.1127, -2.1610, 4.9784, -1.8260, 1.7713, 0.9990, 0.9990, 0.1443 
0.1116, -2.2032, 4.9937, -56.3097, 71.2996, 0.2601, 0.2601, -0.1109 
0.1113, -2.1687, 4.9514, 51.0953, -62.1212, 0.8036, 0.8036, 0.1156 
0.1124, -2.1625, 4.9723, 9.5753, -12.5015, 0.9479, 0.9479, 0.1597 
0.1112, -2.1908, 4.9704, -0.2504, -0.5264, 0.9862, 0.9862, 0.1603 
0.1124, -2.1618, 4.9708, -2.0212, 1.8150, 0.9963, 0.9963, 0.1526 
0.1112, -2.1926, 4.9715, -1.9049, 1.8502, 0.9990, 0.9990, 0.1451 
0.1123, -2.1641, 4.9724, -1.4636, 1.4490, 0.9997, 0.9997, 0.1393 
0.1113, -2.2064, 4.9877, -55.9607, 70.9614, 0.2603, 0.2603, -0.1146 
0.1124, -2.1719, 4.9816, 51.3654, -62.3885, 0.8036, 0.8036, 0.1129 
0.1126, -2.1657, 4.9813, 9.7710, -12.6965, 0.9479, 0.9479, 0.1578 
0.1115, -2.1940, 4.9817, -0.1117, -0.6649, 0.9862, 0.9862, 0.1590 
0.1127, -2.1651, 4.9823, -1.9237, 1.7175, 0.9963, 0.9963, 0.1517 
0.1115, -2.1959, 4.9831, -1.8365, 1.7818, 0.9990, 0.9990, 0.1444 
0.1127, -2.1787, 4.9974, -56.3171, 71.3070, 0.2601, 0.2601, -0.1108 
0.1115, -2.1675, 4.9551, 51.0901, -62.1161, 0.8036, 0.8036, 0.1156 
0.1112, -2.1952, 4.9760, 9.5717, -12.4979, 0.9479, 0.9479, 0.1597 
0.1123, -2.1661, 4.9741, -0.2529, -0.5239, 0.9862, 0.9862, 0.1603 
0.1126, -2.1606, 4.9745, -2.0230, 1.8168, 0.9963, 0.9963, 0.1526 
0.1114, -2.1893, 4.9752, -1.9062, 1.8514, 0.9990, 0.9990, 0.1451 
0.1126, -2.1606, 4.9760, -1.4644, 1.4499, 0.9997, 0.9997, 0.1393 
0.1115, -2.2029, 4.9914, -55.9613, 70.9620, 0.2603, 0.2603, -0.1146 
0.1127, -2.1684, 4.9852, 51.3649, -62.3881, 0.8036, 0.8036, 0.1129 
0.1115, -2.1622, 4.9489, 9.7707, -12.6962, 0.9479, 0.9479, 0.1579 
0.1112, -2.1905, 4.9705, -0.1119, -0.6647, 0.9862, 0.9862, 0.1590 
0.1123, -2.1616, 4.9688, -1.9238, 1.7177, 0.9963, 0.9963, 0.1517 
0.1111, -2.1924, 4.9693, -1.8366, 1.7819, 0.9990, 0.9990, 0.1444 
0.1124, -2.1752, 4.9846, -56.3171, 71.3070, 0.2601, 0.2601, -0.1108 
0.1126, -2.1640, 4.9784, 51.0901, -62.1160, 0.8036, 0.8036, 0.1156 
0.1115, -2.1917, 4.9782, 9.5717, -12.4979, 0.9479, 0.9479, 0.1597 
0.1126, -2.1626, 4.9785, -0.2529, -0.5238, 0.9862, 0.9862, 0.1603 
0.1114, -2.1932, 4.9791, -2.0230, 1.8168, 0.9963, 0.9963, 0.1526 
0.1126, -2.1646, 4.9799, -1.9062, 1.8514, 0.9990, 0.9990, 0.1451 
0.1115, -2.2068, 4.9951, -56.3659, 71.3558, 0.2601, 0.2601, -0.1104 
0.1112, -2.1723, 4.9529, 51.0560, -62.0819, 0.8036, 0.8036, 0.1159 
0.1123, -2.1660, 4.9738, 9.5478, -12.4740, 0.9479, 0.9479, 0.1600 
0.1111, -2.1943, 4.9718, -0.2697, -0.5071, 0.9862, 0.9862, 0.1604 
0.1123, -2.1654, 4.9723, -2.0347, 1.8285, 0.9963, 0.9963, 0.1527 
0.1125, -2.1601, 4.9730, -1.9144, 1.8596, 0.9990, 0.9990, 0.1452 
0.1115, -2.2002, 4.9882, -56.3716, 71.3615, 0.2601, 0.2601, -0.1103 
0.1127, -2.1655, 4.9821, 51.0519, -62.0779, 0.8036, 0.8036, 0.1160 
0.1129, -2.1592, 4.9818, 9.5450, -12.4712, 0.9479, 0.9479, 0.1600 
0.1118, -2.1875, 4.9822, -0.2716, -0.5051, 0.9862, 0.9862, 0.1605 
0.1130, -2.1586, 4.9828, -2.0361, 1.8299, 0.9963, 0.9963, 0.1527 
0.1119, -2.2007, 4.9973, -56.8158, 71.7652, 0.2594, 0.2594, -0.1044 
0.1116, -2.1661, 4.9549, 50.6438, -61.6803, 0.8034, 0.8034, 0.1202 
0.1126, -2.1598, 4.9757, 9.2344, -12.1634, 0.9478, 0.9478, 0.1630 
0.1114, -2.1881, 4.9738, -0.4957, -0.2819, 0.9861, 0.9861, 0.1626 
0.1126, -2.1591, 4.9742, -2.1947, 1.9883, 0.9963, 0.9963, 0.1542 
0.1114, -2.1899, 4.9749, -2.0268, 1.9720, 0.9990, 0.9990, 0.1462 
0.1127, -2.1727, 4.9901, -56.4504, 71.4403, 0.2601, 0.2601, -0.1096 
0.1129, -2.1615, 4.9839, 50.9967, -62.0227, 0.8036, 0.8036, 0.1165 
0.1118, -2.1891, 4.9836, 9.5063, -12.4326, 0.9479, 0.9479, 0.1604 
0.1130, -2.1600, 4.9840, -0.2987, -0.4781, 0.9862, 0.9862, 0.1607 
0.1118, -2.1906, 4.9846, -2.0551, 1.8488, 0.9963, 0.9963, 0.1529 
0.1115, -2.1620, 4.9493, -1.9286, 1.8739, 0.9990, 0.9990, 0.1453 
0.1113, -2.2042, 4.9857, -56.3816, 71.3715, 0.2601, 0.2601, -0.1102 
0.1123, -2.1697, 4.9772, 51.0450, -62.0709, 0.8036, 0.8036, 0.1160 
0.1125, -2.1635, 4.9767, 9.5401, -12.4663, 0.9479, 0.9479, 0.1600 
0.1114, -2.1917, 4.9771, -0.2751, -0.5017, 0.9862, 0.9862, 0.1605 
0.1127, -2.1742, 4.9921, -56.9353, 71.7323, 0.2568, 0.2568, -0.0968 
0.1115, -2.1628, 4.9497, 50.1942, -61.2701, 0.8027, 0.8027, 0.1261 
0.1112, -2.1903, 4.9705, 8.8258, -11.7653, 0.9476, 0.9476, 0.1673 
0.1123, -2.1611, 4.9685, -0.8066, 0.0263, 0.9861, 0.9861, 0.1656 
0.1111, -2.1917, 4.9688, -2.4189, 2.2118, 0.9963, 0.9963, 0.1563 
0.1123, -2.1630, 4.9695, -2.1855, 2.1306, 0.9990, 0.9990, 0.1477 
0.1112, -2.2052, 4.9847, -56.5620, 71.5518, 0.2601, 0.2601, -0.1085 
0.1123, -2.1707, 4.9785, 50.9185, -61.9445, 0.8036, 0.8036, 0.1172 
0.1126, -2.1644, 4.9782, 9.4516, -12.3778, 0.9479, 0.9479, 0.1609 
0.1114, -2.1927, 4.9786, -0.3371, -0.4397, 0.9862, 0.9862, 0.1611 
0.1126, -2.1638, 4.9792, -2.0819, 1.8757, 0.9963, 0.9963, 0.1532 
0.1130, -2.1698, 4.9944, -56.8479, 71.7973, 0.2594, 0.2594, -0.1041 
0.1104, -2.1925, 4.9521, 50.6214, -61.6578, 0.8034, 0.8034, 0.1204 
0.1124, -2.1627, 4.9729, 9.2187, -12.1477, 0.9478, 0.9478, 0.1632 
0.1111, -2.1931, 4.9709, -0.5067, -0.2709, 0.9861, 0.9861, 0.1627 
0.1123, -2.1643, 4.9713, -2.2024, 1.9960, 0.9963, 0.9963, 0.1543 
0.1126, -2.1703, 4.9864, -56.9327, 71.8820, 0.2594, 0.2594, -0.1033 
0.1115, -2.1930, 4.9802, 50.5619, -61.5984, 0.8034, 0.8034, 0.1210 
0.1127, -2.1632, 4.9798, 9.1770, -12.1060, 0.9478, 0.9478, 0.1635 
0.1129, -2.1575, 4.9802, -0.5358, -0.2417, 0.9861, 0.9861, 0.1630 
0.1118, -2.1859, 4.9807, -2.2228, 2.0164, 0.9963, 0.9963, 0.1545 
0.1131, -2.1685, 4.9959, -56.9470, 71.8963, 0.2594, 0.2594, -0.1032 
0.1104, -2.1932, 4.9536, 50.5519, -61.5884, 0.8034, 0.8034, 0.1211 
0.1124, -2.1636, 4.9744, 9.1700, -12.0990, 0.9478, 0.9478, 0.1636 
0.1126, -2.1580, 4.9724, -0.5407, -0.2368, 0.9861, 0.9861, 0.1630 
0.1115, -2.1864, 4.9728, -2.2262, 2.0198, 0.9963, 0.9963, 0.1545 
0.1126, -2.1576, 4.9735, -2.0489, 1.9941, 0.9990, 0.9990, 0.1464 
0.1116, -2.1998, 4.9888, -56.4659, 71.4558, 0.2601, 0.2601, -0.1094 
0.1127, -2.1653, 4.9826, 50.9859, -62.0119, 0.8036, 0.8036, 0.1166 
0.1129, -2.1590, 4.9823, 9.4988, -12.4250, 0.9479, 0.9479, 0.1604 
0.1118, -2.1873, 4.9826, -0.3040, -0.4728, 0.9862, 0.9862, 0.1608 
0.1130, -2.1584, 4.9832, -2.0588, 1.8525, 0.9963, 0.9963, 0.1529 
0.1119, -2.2005, 4.9973, -56.8317, 71.7811, 0.2594, 0.2594, -0.1043 
0.1116, -2.1659, 4.9549, 50.6327, -61.6692, 0.8034, 0.8034, 0.1203 
0.1126, -2.1596, 4.9757, 9.2266, -12.1556, 0.9478, 0.9478, 0.1631 
0.1114, -2.1878, 4.9738, -0.5011, -0.2764, 0.9861, 0.9861, 0.1626 
0.1126, -2.1589, 4.9741, -2.1985, 1.9921, 0.9963, 0.9963, 0.1542 
0.1114, -2.1896, 4.9748, -2.0295, 1.9747, 0.9990, 0.9990, 0.1462 
0.1127, -2.1725, 4.9901, -56.4523, 71.4422, 0.2601, 0.2601, -0.1095 
0.1129, -2.1613, 4.9839, 50.9954, -62.0214, 0.8036, 0.8036, 0.1165 
0.1118, -2.1889, 4.9836, 9.5054, -12.4316, 0.9479, 0.9479, 0.1604 
0.1130, -2.1598, 4.9840, -0.2993, -0.4774, 0.9862, 0.9862, 0.1607 
0.1118, -2.2018, 4.9972, -56.9523, 71.7493, 0.2568, 0.2568, -0.0967 
0.1115, -2.1671, 4.9546, 50.1823, -61.2582, 0.8027, 0.8027, 0.1262 
0.1126, -2.1607, 4.9754, 8.8175, -11.7570, 0.9476, 0.9476, 0.1673 
0.1114, -2.1889, 4.9734, -0.8124, 0.0321, 0.9861, 0.9861, 0.1657 
0.1126, -2.1599, 4.9737, -2.4230, 2.2159, 0.9963, 0.9963, 0.1564 
0.1115, -2.2020, 4.9888, -57.0888, 72.0380, 0.2594, 0.2594, -0.1019 
0.1126, -2.1674, 4.9826, 50.4521, -61.4886, 0.8034, 0.8034, 0.1220 
0.1128, -2.1611, 4.9822, 9.1000, -12.0291, 0.9478, 0.9478, 0.1643 
0.1117, -2.1893, 4.9825, -0.5898, -0.1878, 0.9861, 0.9861, 0.1635 
0.1130, -2.1717, 4.9970, -57.1573, 71.9541, 0.2568, 0.2568, -0.0948 
0.1118, -2.1603, 4.9546, 50.0383, -61.1143, 0.8027, 0.8027, 0.1275 
0.1115, -2.1878, 4.9753, 8.7166, -11.6561, 0.9476, 0.9476, 0.1683 
0.1126, -2.1586, 4.9733, -0.8831, 0.1028, 0.9861, 0.9861, 0.1663 
0.1114, -2.1892, 4.9736, -2.4725, 2.2653, 0.9963, 0.9963, 0.1568 
0.1127, -2.1718, 4.9887, -57.1235, 72.0727, 0.2594, 0.2594, -0.1016 
0.1129, -2.1605, 4.9825, 50.4279, -61.4644, 0.8034, 0.8034, 0.1222 
0.1118, -2.1882, 4.9821, 9.0831, -12.0121, 0.9478, 0.9478, 0.1644 
0.1129, -2.1590, 4.9824, -0.6016, -0.1759, 0.9861, 0.9861, 0.1636 
0.1117, -2.1896, 4.9830, -2.2689, 2.0625, 0.9963, 0.9963, 0.1549 
0.1116, -2.1723, 4.9621, -56.9792, 71.9286, 0.2594, 0.2594, -0.1029 
0.1126, -2.1610, 4.9770, 50.5293, -61.5658, 0.8034, 0.8034, 0.1213 
0.1114, -2.1886, 4.9743, 9.1542, -12.0832, 0.9478, 0.9478, 0.1638 
0.1126, -2.1594, 4.9745, -0.5518, -0.2257, 0.9861, 0.9861, 0.1631 
0.1115, -2.2014, 4.9895, -57.1308, 71.9276, 0.2568, 0.2568, -0.0950 
0.1127, -2.1666, 4.9831, 50.0569, -61.1329, 0.8027, 0.8027, 0.1274 
0.1115, -2.1603, 4.9466, 8.7296, -11.6691, 0.9476, 0.9476, 0.1682 
0.1112, -2.1885, 4.9681, -0.8740, 0.0937, 0.9861, 0.9861, 0.1662 
0.1123, -2.1595, 4.9663, -2.4661, 2.2590, 0.9963, 0.9963, 0.1568 
0.1112, -2.2016, 4.9812, -57.1190, 72.0682, 0.2594, 0.2594, -0.1016 
0.1123, -2.1669, 4.9749, 50.4310, -61.4675, 0.8034, 0.8034, 0.1222 
0.1126, -2.1606, 4.9746, 9.0853, -12.0143, 0.9478, 0.9478, 0.1644 
0.1114, -2.1888, 4.9749, -0.6001, -0.1774, 0.9861, 0.9861, 0.1636 
0.1127, -2.1712, 4.9899, -57.1646, 71.9614, 0.2568, 0.2568, -0.0947 
0.1129, -2.1598, 4.9835, 50.0332, -61.1092, 0.8027, 0.8027, 0.1276 
0.1104, -2.1874, 4.9471, 8.7130, -11.6525, 0.9476, 0.9476, 0.1683 
0.1124, -2.1581, 4.9685, -0.8856, 0.1053, 0.9861, 0.9861, 0.1663 
0.1112, -2.2001, 4.9812, -57.3710, 72.1670, 0.2567, 0.2567, -0.0927 
0.1124, -2.1653, 4.9746, 49.8869, -60.9631, 0.8027, 0.8027, 0.1290 
0.1126, -2.1589, 4.9741, 8.6102, -11.5497, 0.9476, 0.9476, 0.1693 
0.1115, -2.1871, 4.9744, -0.9577, 0.1774, 0.9861, 0.9861, 0.1670 
0.1128, -2.1694, 4.9894, -57.4215, 72.2176, 0.2567, 0.2567, -0.0923 
0.1130, -2.1580, 4.9830, 49.8516, -60.9277, 0.8027, 0.8027, 0.1293 
0.1119, -2.1855, 4.9825, 8.5854, -11.5250, 0.9476, 0.9476, 0.1695 
0.1131, -2.1563, 4.9828, -0.9750, 0.1947, 0.9861, 0.9861, 0.1672 
0.1119, -2.1868, 4.9833, -2.5369, 2.3297, 0.9963, 0.9963, 0.1574 
0.1131, -2.1695, 4.9973, -57.1686, 72.1178, 0.2594, 0.2594, -0.1011 
0.1119, -2.1582, 4.9548, 50.3963, -61.4328, 0.8034, 0.8034, 0.1225 
0.1116, -2.1858, 4.9756, 9.0610, -11.9900, 0.9478, 0.9478, 0.1646 
0.1127, -2.1566, 4.9736, -0.6171, -0.1604, 0.9861, 0.9861, 0.1637 
0.1116, -2.1986, 4.9884, -57.1765, 71.9733, 0.2568, 0.2568, -0.0946 
0.1127, -2.1639, 4.9820, 50.0249, -61.1009, 0.8027, 0.8027, 0.1277 
0.1130, -2.1575, 4.9816, 8.7072, -11.6467, 0.9476, 0.9476, 0.1684 
0.1118, -2.1857, 4.9819, -0.8896, 0.1093, 0.9861, 0.9861, 0.1664 
0.1130, -2.1567, 4.9824, -2.4771, 2.2699, 0.9963, 0.9963, 0.1569 
0.1119, -2.1987, 4.9972, -57.1267, 72.0759, 0.2594, 0.2594, -0.1015 
0.1116, -2.1641, 4.9548, 50.4256, -61.4621, 0.8034, 0.8034, 0.1223 
0.1127, -2.1578, 4.9756, 9.0815, -12.0105, 0.9478, 0.9478, 0.1644 
0.1115, -2.1860, 4.9736, -0.6027, -0.1748, 0.9861, 0.9861, 0.1636 
0.1128, -2.1684, 4.9885, -57.1664, 71.9632, 0.2568, 0.2568, -0.0947 
0.1130, -2.1570, 4.9821, 50.0319, -61.1079, 0.8027, 0.8027, 0.1276 
0.1119, -2.1846, 4.9816, 8.7121, -11.6516, 0.9476, 0.9476, 0.1683 
0.1132, -2.1667, 4.9964, -55.7690, 69.9883, 0.2467, 0.2467, -0.0832 
0.1119, -2.1551, 4.9538, 49.6233, -60.8490, 0.8000, 0.8000, 0.1378 
0.1117, -2.1825, 4.9744, 8.0707, -11.0499, 0.9469, 0.9469, 0.1760 
0.1128, -2.1532, 4.9723, -1.4296, 0.6387, 0.9859, 0.9859, 0.1719 
0.1116, -2.1837, 4.9725, -2.8801, 2.6701, 0.9963, 0.9963, 0.1608 
0.1129, -2.1663, 4.9876, -57.4154, 72.3639, 0.2594, 0.2594, -0.0988 
0.1131, -2.1550, 4.9813, 50.2217, -61.2584, 0.8034, 0.8034, 0.1242 
0.1119, -2.1826, 4.9809, 8.9383, -11.8674, 0.9478, 0.9478, 0.1658 
0.1132, -2.1647, 4.9957, -55.5860, 69.8080, 0.2468, 0.2468, -0.0850 
0.1106, -2.1892, 4.9531, 49.7581, -60.9831, 0.8000, 0.8000, 0.1365 
0.1126, -2.1594, 4.9737, 8.1667, -11.1457, 0.9469, 0.9469, 0.1751 
0.1127, -2.1536, 4.9716, -1.3619, 0.5711, 0.9859, 0.9859, 0.1712 
0.1117, -2.1933, 4.9863, -57.7293, 72.5225, 0.2567, 0.2567, -0.0893 
0.1129, -2.1584, 4.9799, 49.6294, -60.7063, 0.8027, 0.8027, 0.1314 
0.1117, -2.1880, 4.9794, 8.4282, -11.3679, 0.9476, 0.9476, 0.1710 
0.1128, -2.1589, 4.9797, -1.0855, 0.3052, 0.9861, 0.9861, 0.1682 
0.1132, -2.1648, 4.9946, -57.5111, 72.3072, 0.2567, 0.2567, -0.0914 
0.1106, -2.1872, 4.9522, 49.7888, -60.8650, 0.8027, 0.8027, 0.1299 
0.1126, -2.1574, 4.9729, 8.5415, -11.4810, 0.9476, 0.9476, 0.1699 
0.1113, -2.1877, 4.9708, -1.0058, 0.2255, 0.9861, 0.9861, 0.1675 
0.1126, -2.1702, 4.9856, -57.4552, 72.2512, 0.2567, 0.2567, -0.0920 
0.1128, -2.1587, 4.9792, 49.8280, -60.9042, 0.8027, 0.8027, 0.1295 
0.1117, -2.1863, 4.9788, 8.5689, -11.5085, 0.9476, 0.9476, 0.1697 
0.1129, -2.1570, 4.9790, -0.9866, 0.2062, 0.9861, 0.9861, 0.1673 
0.1118, -2.1989, 4.9940, -57.4417, 72.2378, 0.2567, 0.2567, -0.0921 
0.1115, -2.1642, 4.9515, 49.8374, -60.9136, 0.8027, 0.8027, 0.1294 
0.1126, -2.1578, 4.9723, 8.5755, -11.5150, 0.9476, 0.9476, 0.1696 
0.1115, -2.1973, 4.9847, -55.8648, 70.0840, 0.2467, 0.2467, -0.0823 
0.1126, -2.1622, 4.9779, 49.5562, -60.7819, 0.8000, 0.8000, 0.1384 
0.1129, -2.1557, 4.9773, 8.0237, -11.0029, 0.9469, 0.9469, 0.1764 
0.1117, -2.1838, 4.9775, -1.4624, 0.6716, 0.9859, 0.9859, 0.1722 
0.1131, -2.1661, 4.9924, -57.7998, 72.5930, 0.2567, 0.2567, -0.0886 
0.1118, -2.1546, 4.9499, 49.5800, -60.6569, 0.8027, 0.8027, 0.1319 
0.1115, -2.1821, 4.9706, 8.3936, -11.3333, 0.9476, 0.9476, 0.1713 
0.1126, -2.1528, 4.9686, -1.1097, 0.3294, 0.9861, 0.9861, 0.1684 
0.1115, -2.1947, 4.9833, -57.5281, 72.3241, 0.2567, 0.2567, -0.0913 
0.1127, -2.1600, 4.9769, 49.7769, -60.8531, 0.8027, 0.8027, 0.1300 
0.1129, -2.1536, 4.9765, 8.5332, -11.4727, 0.9476, 0.9476, 0.1700 
0.1118, -2.1817, 4.9767, -1.0116, 0.2313, 0.9861, 0.9861, 0.1675 
0.1131, -2.1641, 4.9917, -57.4592, 72.2553, 0.2567, 0.2567, -0.0919 
0.1119, -2.1526, 4.9492, 49.8251, -60.9013, 0.8027, 0.8027, 0.1295 
0.1116, -2.1802, 4.9700, 8.5669, -11.5065, 0.9476, 0.9476, 0.1697 
0.1127, -2.1509, 4.9679, -0.9880, 0.2076, 0.9861, 0.9861, 0.1673 
0.1116, -2.1928, 4.9827, -57.4427, 72.2388, 0.2567, 0.2567, -0.0921 
0.1127, -2.1581, 4.9763, 49.8367, -60.9129, 0.8027, 0.8027, 0.1294 
0.1130, -2.1517, 4.9758, 8.5750, -11.5146, 0.9476, 0.9476, 0.1696 
0.1120, -2.1912, 4.9905, -55.8651, 70.0843, 0.2467, 0.2467, -0.0823 
0.1131, -2.1561, 4.9840, 49.5560, -60.7817, 0.8000, 0.8000, 0.1384 
0.1105, -2.1857, 4.9474, 8.0235, -11.0027, 0.9469, 0.9469, 0.1764 
0.1125, -2.1565, 4.9687, -1.4625, 0.6717, 0.9859, 0.9859, 0.1722 
0.1127, -2.1984, 5.0159, -57.7999, 72.5931, 0.2567, 0.2567, -0.0886 
0.1115, -2.1636, 4.9519, 49.5799, -60.6569, 0.8027, 0.8027, 0.1319 
0.1127, -2.1572, 4.9749, 8.3936, -11.3333, 0.9476, 0.9476, 0.1713 
0.1116, -2.1967, 4.9874, -55.9926, 70.2118, 0.2467, 0.2467, -0.0811 
0.1128, -2.1616, 4.9807, 49.4666, -60.6923, 0.8000, 0.8000, 0.1392 
0.1130, -2.1550, 4.9801, 7.9610, -10.9402, 0.9469, 0.9469, 0.1770 
0.1119, -2.1831, 4.9803, -1.5064, 0.7155, 0.9859, 0.9859, 0.1726 
0.1132, -2.1654, 4.9952, -57.8305, 72.6238, 0.2567, 0.2567, -0.0883 
0.1120, -2.1539, 4.9527, 49.5585, -60.6354, 0.8027, 0.8027, 0.1321 
0.1117, -2.1814, 4.9734, 8.3785, -11.3183, 0.9476, 0.9476, 0.1715 
0.1128, -2.1522, 4.9713, -1.1203, 0.3399, 0.9861, 0.9861, 0.1685 
0.1117, -2.1940, 4.9861, -57.5355, 72.3315, 0.2567, 0.2567, -0.0912 
0.1128, -2.1593, 4.9797, 49.7718, -60.8480, 0.8027, 0.8027, 0.1300 
0.1131, -2.1529, 4.9792, 8.5295, -11.4691, 0.9476, 0.9476, 0.1700 
0.1119, -2.1811, 4.9795, -1.0141, 0.2338, 0.9861, 0.9861, 0.1675 
0.1132, -2.1634, 4.9944, -57.4610, 72.2571, 0.2567, 0.2567, -0.0919 
0.1120, -2.1520, 4.9520, 49.8239, -60.9001, 0.8027, 0.8027, 0.1295 
0.1117, -2.1795, 4.9727, 8.5661, -11.5056, 0.9476, 0.9476, 0.1697 
0.1129, -2.1616, 4.9851, -55.8714, 70.0906, 0.2467, 0.2467, -0.0822 
0.1117, -2.1860, 4.9783, 49.5516, -60.7773, 0.8000, 0.8000, 0.1384 
0.1129, -2.1562, 4.9778, 8.0205, -10.9997, 0.9469, 0.9469, 0.1765 
0.1131, -2.1504, 4.9780, -1.4647, 0.6739, 0.9859, 0.9859, 0.1722 
0.1121, -2.1901, 4.9929, -57.8014, 72.5946, 0.2567, 0.2567, -0.0886 
0.1118, -2.1551, 4.9504, 49.5789, -60.6558, 0.8027, 0.8027, 0.1319 
0.1116, -2.1961, 4.9855, -46.4372, 58.4829, 0.2090, 0.2090, -0.0780 
0.1126, -2.1609, 4.9764, 50.9375, -62.7262, 0.7900, 0.7900, 0.1494 
0.1128, -2.1543, 4.9755, 7.6536, -10.7821, 0.9442, 0.9442, 0.1862 
0.1117, -2.1822, 4.9755, -2.0764, 1.2459, 0.9852, 0.9852, 0.1796 
0.1130, -2.1644, 4.9903, -58.3235, 73.1062, 0.2565, 0.2565, -0.0833 
0.1132, -2.1529, 4.9838, 49.1879, -60.2676, 0.8026, 0.8026, 0.1356 
0.1107, -2.1804, 4.9473, 8.1126, -11.0531, 0.9476, 0.9476, 0.1740 
0.1127, -2.1511, 4.9687, -1.3081, 0.5276, 0.9861, 0.9861, 0.1703 
0.1115, -2.1929, 4.9813, -57.6674, 72.4634, 0.2567, 0.2567, -0.0900 
0.1127, -2.1581, 4.9746, 49.6793, -60.7555, 0.8027, 0.8027, 0.1309 
0.1129, -2.1517, 4.9742, 8.4648, -11.4043, 0.9476, 0.9476, 0.1706 
0.1119, -2.1912, 4.9889, -55.9423, 70.1615, 0.2467, 0.2467, -0.0816 
0.1130, -2.1562, 4.9823, 49.5020, -60.7276, 0.8000, 0.8000, 0.1389 
0.1133, -2.1496, 4.9818, 7.9857, -10.9649, 0.9469, 0.9469, 0.1768 
0.1122, -2.1777, 4.9819, -1.4890, 0.6982, 0.9859, 0.9859, 0.1724 
0.1135, -2.1600, 4.9968, -57.8184, 72.6116, 0.2567, 0.2567, -0.0884 
0.1108, -2.1846, 4.9543, 49.5670, -60.6439, 0.8027, 0.8027, 0.1320 
0.1129, -2.1662, 4.9895, -46.4455, 58.4913, 0.2090, 0.2090, -0.0779 
0.1130, -2.1543, 4.9803, 50.9316, -62.7203, 0.7900, 0.7900, 0.1494 
0.1119, -2.1816, 4.9794, 7.6495, -10.7780, 0.9442, 0.9442, 0.1863 
0.1131, -2.1521, 4.9795, -2.0793, 1.2488, 0.9852, 0.9852, 0.1796 
0.1119, -2.1825, 4.9798, -3.4291, 3.2086, 0.9961, 0.9961, 0.1663 
0.1132, -2.1651, 4.9949, -57.8247, 72.7703, 0.2593, 0.2593, -0.0949 
0.1121, -2.1650, 4.9668, -4.6968, 8.5903, 0.0675, 0.0675, -0.1214 
0.1132, -2.1505, 4.9805, 60.5848, -74.4826, 0.7524, 0.7524, 0.1487 
0.1120, -2.1773, 4.9773, 9.3980, -13.0862, 0.9343, 0.9343, 0.1937 
0.1132, -2.1477, 4.9770, -2.1847, 1.2057, 0.9826, 0.9826, 0.1869 
0.1121, -2.1894, 4.9918, -58.7513, 73.4942, 0.2558, 0.2558, -0.0776 
0.1118, -2.1545, 4.9491, 48.7932, -59.8832, 0.8024, 0.8024, 0.1398 
0.1114, -2.1840, 4.9697, 7.8119, -10.7551, 0.9476, 0.9476, 0.1769 
0.1125, -2.1549, 4.9676, -1.5251, 0.7438, 0.9861, 0.9861, 0.1723 
0.1114, -2.1967, 4.9823, -57.8210, 72.6168, 0.2567, 0.2567, -0.0885 
0.1126, -2.1620, 4.9759, 49.5713, -60.6475, 0.8027, 0.8027, 0.1319 
0.1128, -2.1555, 4.9754, 8.3891, -11.3286, 0.9476, 0.9476, 0.1713 
0.1118, -2.1950, 4.9901, -55.9954, 70.2146, 0.2467, 0.2467, -0.0811 
0.1129, -2.1599, 4.9835, 49.4648, -60.6905, 0.8000, 0.8000, 0.1392 
0.1132, -2.1534, 4.9830, 7.9597, -10.9389, 0.9469, 0.9469, 0.1770 
0.1121, -2.1815, 4.9831, -1.5072, 0.7164, 0.9859, 0.9859, 0.1726 
0.1133, -2.1638, 4.9970, -57.8311, 72.6244, 0.2567, 0.2567, -0.0883 
0.1122, -2.1636, 4.9687, -5.0662, 8.9199, 0.0668, 0.0668, -0.1163 
0.1133, -2.1490, 4.9824, 60.2307, -74.1388, 0.7523, 0.7523, 0.1524 
0.1121, -2.1758, 4.9791, 9.1258, -12.8167, 0.9342, 0.9342, 0.1963 
0.1133, -2.1462, 4.9788, -2.3817, 1.4020, 0.9825, 0.9825, 0.1888 
0.1121, -2.1765, 4.9791, -3.9955, 3.7354, 0.9954, 0.9954, 0.1733 
0.1134, -2.1590, 4.9940, -58.3150, 73.2501, 0.2592, 0.2592, -0.0898 
0.1108, -2.1949, 4.9659, -5.0654, 8.9561, 0.0674, 0.0674, -0.1179 
0.1128, -2.1591, 4.9796, 60.3201, -74.2186, 0.7524, 0.7524, 0.1512 
0.1130, -2.1522, 4.9763, 9.2111, -12.8994, 0.9343, 0.9343, 0.1954 
0.1118, -2.1800, 4.9760, -2.3160, 1.3369, 0.9826, 0.9826, 0.1881 
0.1131, -2.1621, 4.9907, -58.8433, 73.5863, 0.2558, 0.2558, -0.0767 
0.1133, -2.1505, 4.9841, 48.7288, -59.8187, 0.8024, 0.8024, 0.1404 
0.1108, -2.1779, 4.9475, 7.7668, -10.7100, 0.9476, 0.9476, 0.1773 
0.1129, -2.1599, 4.9833, -56.4395, 70.6578, 0.2467, 0.2467, -0.0769 
0.1130, -2.1482, 4.9744, 49.1516, -60.3775, 0.8000, 0.8000, 0.1422 
0.1119, -2.1756, 4.9736, 7.7398, -10.7191, 0.9469, 0.9469, 0.1791 
0.1131, -2.1463, 4.9737, -1.6613, 0.8704, 0.9859, 0.9859, 0.1740 
0.1120, -2.1881, 4.9886, -57.9390, 72.7323, 0.2567, 0.2567, -0.0873 
0.1132, -2.1533, 4.9822, 49.4825, -60.5594, 0.8027, 0.8027, 0.1328 
0.1120, -2.1829, 4.9817, 8.3254, -11.2651, 0.9476, 0.9476, 0.1719 
0.1132, -2.1652, 4.9964, -56.0404, 70.2595, 0.2467, 0.2467, -0.0807 
0.1120, -2.1536, 4.9537, 49.4332, -60.6589, 0.8000, 0.8000, 0.1395 
0.1117, -2.1810, 4.9744, 7.9376, -10.9168, 0.9469, 0.9469, 0.1772 
0.1129, -2.1630, 4.9867, -56.4053, 70.6140, 0.2465, 0.2465, -0.0768 
0.1131, -2.1513, 4.9798, 49.1524, -60.3808, 0.8000, 0.8000, 0.1423 
0.1120, -2.1787, 4.9792, 7.7345, -10.7144, 0.9469, 0.9469, 0.1792 
0.1132, -2.1493, 4.9794, -1.6666, 0.8756, 0.9859, 0.9859, 0.1741 
0.1121, -2.1912, 4.9943, -57.9432, 72.7363, 0.2567, 0.2567, -0.0873 
0.1118, -2.1563, 4.9518, 49.4795, -60.5565, 0.8027, 0.8027, 0.1328 
0.1130, -2.1613, 4.9869, -46.5068, 58.5525, 0.2090, 0.2090, -0.0773 
0.1118, -2.1833, 4.9777, 50.8887, -62.6774, 0.7900, 0.7900, 0.1498 
0.1129, -2.1531, 4.9768, 7.6194, -10.7480, 0.9442, 0.9442, 0.1865 
0.1133, -2.1585, 4.9913, -56.9819, 71.1506, 0.2458, 0.2458, -0.0697 
0.1107, -2.1807, 4.9485, 48.6530, -59.8918, 0.7998, 0.7998, 0.1474 
0.1127, -2.1506, 4.9691, 7.3604, -10.3430, 0.9468, 0.9468, 0.1828 
0.1114, -2.1808, 4.9669, -1.9350, 1.1433, 0.9859, 0.9859, 0.1766 
0.1127, -2.1632, 4.9815, -58.1328, 72.9258, 0.2567, 0.2567, -0.0855 
0.1131, -2.1630, 4.9894, -5.2779, 9.1316, 0.0668, 0.0668, -0.1143 
0.1133, -2.1483, 4.9819, 60.0824, -73.9904, 0.7523, 0.7523, 0.1538 
0.1122, -2.1751, 4.9809, 9.0219, -12.7128, 0.9342, 0.9342, 0.1973 
0.1134, -2.1455, 4.9808, -2.4544, 1.4747, 0.9825, 0.9825, 0.1894 
0.1123, -2.1871, 4.9955, -58.9419, 73.6846, 0.2558, 0.2558, -0.0758 
0.1120, -2.1522, 4.9528, 48.6594, -59.7494, 0.8024, 0.8024, 0.1410 
0.1117, -2.1817, 4.9734, 7.7181, -10.6613, 0.9476, 0.9476, 0.1778 
0.1129, -2.1639, 4.9857, -56.4737, 70.6919, 0.2467, 0.2467, -0.0766 
0.1131, -2.1523, 4.9789, 49.1277, -60.3536, 0.8000, 0.8000, 0.1424 
0.1119, -2.1796, 4.9783, 7.7231, -10.7024, 0.9469, 0.9469, 0.1792 
0.1133, -2.1616, 4.9929, -56.5556, 70.7642, 0.2465, 0.2465, -0.0754 
0.1120, -2.1499, 4.9502, 49.0472, -60.2756, 0.8000, 0.8000, 0.1432 
0.1117, -2.1773, 4.9708, 7.6609, -10.6408, 0.9469, 0.9469, 0.1799 
0.1130, -2.1593, 4.9831, -56.6008, 70.8092, 0.2465, 0.2465, -0.0750 
0.1131, -2.1476, 4.9762, 49.0152, -60.2436, 0.8000, 0.8000, 0.1436 
0.1120, -2.1750, 4.9756, 7.6383, -10.6183, 0.9469, 0.9469, 0.1801 
0.1132, -2.1456, 4.9758, -1.7340, 0.9429, 0.9859, 0.9859, 0.1747 
0.1121, -2.1874, 4.9906, -57.9903, 72.7835, 0.2567, 0.2567, -0.0868 
0.1133, -2.1639, 4.9969, -5.1777, 9.0314, 0.0668, 0.0668, -0.1153 
0.1121, -2.1514, 4.9532, 60.1526, -74.0607, 0.7523, 0.7523, 0.1532 
0.1118, -2.1784, 4.9734, 9.0711, -12.7620, 0.9342, 0.9342, 0.1968 
0.1129, -2.1488, 4.9709, -2.4200, 1.4403, 0.9825, 0.9825, 0.1891 
0.1118, -2.1904, 4.9855, -58.9177, 73.6605, 0.2558, 0.2558, -0.0760 
0.1129, -2.1555, 4.9788, 48.6763, -59.7663, 0.8024, 0.8024, 0.1408 
0.1132, -2.1490, 4.9783, 7.7299, -10.6731, 0.9476, 0.9476, 0.1777 
0.1122, -2.1884, 4.9929, -56.4654, 70.6836, 0.2467, 0.2467, -0.0766 
0.1119, -2.1532, 4.9502, 49.1335, -60.3594, 0.8000, 0.8000, 0.1423 
0.1131, -2.1580, 4.9852, -47.1018, 59.1078, 0.2083, 0.2083, -0.0701 
0.1118, -2.1800, 4.9760, 50.3767, -62.1757, 0.7898, 0.7898, 0.1550 
0.1130, -2.1498, 4.9750, 7.2365, -10.3678, 0.9442, 0.9442, 0.1902 
0.1119, -2.1912, 4.9895, -57.2565, 71.4244, 0.2458, 0.2458, -0.0671 
0.1131, -2.1561, 4.9827, 48.4591, -59.6980, 0.7998, 0.7998, 0.1492 
0.1133, -2.1494, 4.9821, 7.2242, -10.2069, 0.9468, 0.9468, 0.1840 
0.1122, -2.1775, 4.9822, -2.0305, 1.2387, 0.9859, 0.9859, 0.1775 
0.1135, -2.1597, 4.9968, -58.1996, 72.9926, 0.2567, 0.2567, -0.0849 
0.1124, -2.1595, 4.9686, -5.3247, 9.1784, 0.0668, 0.0668, -0.1139 
0.1121, -2.1809, 4.9823, 60.0496, -73.9577, 0.7523, 0.7523, 0.1541 
0.1131, -2.1504, 4.9789, 8.9990, -12.6898, 0.9342, 0.9342, 0.1975 
0.1119, -2.1804, 4.9786, -2.4705, 1.4908, 0.9825, 0.9825, 0.1896 
0.1132, -2.1626, 4.9933, -58.9531, 73.6959, 0.2558, 0.2558, -0.0757 
0.1120, -2.1510, 4.9507, 48.6515, -59.7415, 0.8024, 0.8024, 0.1411 
0.1117, -2.1784, 4.9713, 7.7126, -10.6558, 0.9476, 0.9476, 0.1778 
0.1129, -2.1604, 4.9836, -56.4775, 70.6957, 0.2467, 0.2467, -0.0765 
0.1131, -2.1487, 4.9768, 49.1250, -60.3509, 0.8000, 0.8000, 0.1424 
0.1121, -2.1874, 4.9906, -47.1078, 59.1138, 0.2083, 0.2083, -0.0700 
0.1133, -2.1520, 4.9837, 50.3725, -62.1715, 0.7898, 0.7898, 0.1551 
0.1121, -2.1453, 4.9468, 7.2336, -10.3649, 0.9442, 0.9442, 0.1903 
0.1133, -2.1845, 5.0176, -57.2585, 71.4265, 0.2458, 0.2458, -0.0671 
0.1121, -2.1493, 4.9512, 48.4576, -59.6966, 0.7998, 0.7998, 0.1492 
0.1118, -2.1787, 4.9739, 7.2232, -10.2059, 0.9468, 0.9468, 0.1841 
0.1130, -2.1608, 4.9863, -56.9138, 71.1214, 0.2465, 0.2465, -0.0720 
0.1132, -2.1491, 4.9794, 48.7943, -60.0229, 0.8000, 0.8000, 0.1456 
0.1121, -2.1764, 4.9788, 7.4832, -10.4632, 0.9469, 0.9469, 0.1815 
0.1134, -2.1584, 4.9933, -56.7252, 70.9336, 0.2465, 0.2465, -0.0738 
0.1122, -2.1467, 4.9506, 48.9280, -60.1565, 0.8000, 0.8000, 0.1444 
0.1119, -2.1740, 4.9712, 7.5773, -10.5572, 0.9469, 0.9469, 0.1806 
0.1131, -2.1560, 4.9835, -56.6593, 70.8677, 0.2465, 0.2465, -0.0744 
0.1120, -2.1917, 4.9910, -5.6461, 9.3472, 0.0641, 0.0641, -0.1044 
0.1117, -2.1557, 4.9472, 59.4584, -73.4059, 0.7516, 0.7516, 0.1613 
0.1127, -2.1487, 4.9673, 8.4915, -12.1928, 0.9340, 0.9340, 0.2027 
0.1130, -2.1765, 5.0009, -2.8506, 1.8681, 0.9825, 0.9825, 0.1933 
0.1134, -2.1585, 4.9940, -59.2257, 73.9677, 0.2558, 0.2558, -0.0731 
0.1123, -2.1468, 4.9537, 48.4589, -59.5491, 0.8024, 0.8024, 0.1429 
0.1120, -2.1742, 4.9744, 7.5773, -10.5206, 0.9476, 0.9476, 0.1791 
0.1132, -2.1562, 4.9867, -56.5723, 70.7906, 0.2467, 0.2467, -0.0756 
0.1134, -2.1445, 4.9799, 49.0586, -60.2845, 0.8000, 0.8000, 0.1430 
0.1124, -2.1832, 4.9937, -47.1543, 59.1603, 0.2083, 0.2083, -0.0696 
0.1121, -2.1478, 4.9507, 50.3400, -62.1389, 0.7898, 0.7898, 0.1554 
0.1118, -2.1771, 4.9711, 7.2108, -10.3421, 0.9442, 0.9442, 0.1905 
0.1128, -2.1478, 4.9688, -2.3928, 1.5616, 0.9852, 0.9852, 0.1826 
0.1118, -2.1895, 4.9834, -58.5468, 73.3292, 0.2565, 0.2565, -0.0812 
0.1130, -2.1659, 4.9913, -5.5929, 9.4438, 0.0667, 0.0667, -0.1113 
0.1118, -2.1534, 4.9476, 59.8552, -73.7640, 0.7523, 0.7523, 0.1560 
0.1129, -2.1443, 4.9678, 8.8612, -12.5523, 0.9342, 0.9342, 0.1988 
0.1117, -2.1719, 4.9653, -2.5674, 1.5876, 0.9825, 0.9825, 0.1905 
0.1145, -2.1539, 5.0153, -59.0210, 73.7638, 0.2558, 0.2558, -0.0751 
0.1110, -2.1897, 4.9658, -6.0200, 9.8605, 0.0666, 0.0666, -0.1068 
0.1131, -2.1538, 4.9816, 59.5315, -73.4429, 0.7522, 0.7522, 0.1591 
0.1133, -2.1468, 4.9785, 8.6282, -12.3200, 0.9342, 0.9342, 0.2010 
0.1121, -2.1745, 4.9781, -2.7322, 1.7522, 0.9825, 0.9825, 0.1920 
0.1134, -2.1566, 4.9928, -59.1368, 73.8795, 0.2558, 0.2558, -0.0740 
0.1122, -2.1449, 4.9501, 48.5228, -59.6128, 0.8024, 0.8024, 0.1423 
0.1121, -2.1836, 4.9851, -47.2075, 59.2498, 0.2089, 0.2089, -0.0706 
0.1131, -2.1482, 4.9759, 50.3899, -62.1795, 0.7900, 0.7900, 0.1545 
0.1119, -2.1775, 4.9750, 7.2681, -10.3969, 0.9442, 0.9442, 0.1898 
0.1132, -2.1596, 4.9894, -57.2285, 71.3971, 0.2458, 0.2458, -0.0674 
0.1134, -2.1478, 4.9827, 48.4803, -59.7190, 0.7998, 0.7998, 0.1490 
0.1123, -2.1751, 4.9820, 7.2394, -10.2221, 0.9468, 0.9468, 0.1839 
0.1136, -2.1570, 4.9965, -56.9023, 71.1100, 0.2465, 0.2465, -0.0721 
0.1125, -2.1566, 4.9681, -5.8180, 9.5189, 0.0641, 0.0641, -0.1028 
0.1121, -2.1779, 4.9816, 59.3376, -73.2852, 0.7516, 0.7516, 0.1625 
0.1132, -2.1474, 4.9782, 8.4069, -12.1082, 0.9340, 0.9340, 0.2035 
0.1120, -2.1772, 4.9778, -2.9099, 1.9273, 0.9825, 0.9825, 0.1938 
0.1133, -2.1594, 4.9925, -59.2672, 74.0093, 0.2558, 0.2558, -0.0727 
0.1122, -2.1591, 4.9641, -6.1940, 10.0344, 0.0666, 0.0666, -0.1052 
0.1133, -2.1443, 4.9777, 59.4091, -73.3207, 0.7522, 0.7522, 0.1603 
0.1121, -2.1711, 4.9743, 8.5425, -12.2343, 0.9342, 0.9342, 0.2018 
0.1133, -2.1098, 4.9426, 150.0000, -150.0000, 3.1476, 3.1476, 0.9231 
0.1131, -2.1233, 4.9504, 13.7999, -70.9750, 3.7627, 3.7627, 0.9714 
0.1132, -2.1182, 4.9481, -24.9643, 21.5203, 3.9340, 3.9340, 0.8784 
0.1133, -2.1173, 4.9495, -25.5780, 24.6201, 3.9816, 3.9816, 0.7780 
0.1134, -2.1179, 4.9524, -20.1598, 19.8934, 3.9949, 3.9949, 0.6979 
0.1136, -2.1305, 4.9702, -67.9599, 82.3138, 3.2817, 3.2817, 0.3973 
0.1138, -2.1380, 4.9821, -14.0926, 18.1641, 3.0797, 3.0797, 0.3328 
0.1141, -2.1198, 4.9713, -53.9774, 69.7146, 2.3007, 2.3007, 0.0854 
0.1129, -2.1528, 4.9746, -0.9722, 5.3628, 2.0837, 2.0837, 0.0728 
0.1140, -2.1249, 4.9742, 9.5756, -8.3533, 2.0233, 2.0233, 0.1086 
0.1141, -2.1195, 4.9729, 9.5575, -9.2173, 2.0065, 2.0065, 0.1462 
0.1129, -2.1476, 4.9710, 7.4844, -7.3898, 2.0018, 2.0018, 0.1759 
0.1140, -2.1179, 4.9688, 5.4601, -5.4337, 2.0005, 2.0005, 0.1977 
0.1142, -2.1114, 4.9663, 3.8835, -3.8762, 2.0001, 2.0001, 0.2132 
0.1130, -2.1386, 4.9636, 2.7356, -2.7335, 2.0000, 2.0000, 0.2242 
0.1141, -2.1084, 4.9609, 1.9196, -1.9191, 2.0000, 2.0000, 0.2319 
0.1128, -2.1376, 4.9580, 1.3451, -1.3449, 2.0000, 2.0000, 0.2372 
0.1154, -2.1073, 4.9911, 0.9419, -0.9419, 2.0000, 2.0000, 0.2410 
0.1132, -2.1364, 4.9670, 0.6594, -0.6594, 2.0000, 2.0000, 0.2436 
0.1144, -2.1061, 4.9663, 0.4616, -0.4616, 2.0000, 2.0000, 0.2455 
0.1131, -2.1351, 4.9635, 0.3232, -0.3232, 2.0000, 2.0000, 0.2468 
0.1128, -2.1409, 4.9605, 0.2262, -0.2262, 2.0000, 2.0000, 0.2477 
0.1139, -2.1236, 4.9714, -53.0567, 67.5792, 1.2831, 1.2831, 0.0064 
0.1141, -2.1221, 4.9758, -3.5207, 7.6354, 1.0802, 1.0802, -0.0159 
0.1130, -2.1235, 4.9491, 150.0000, -150.0000, 3.8305, 3.8305, 0.9572 
0.1151, -2.0672, 4.9458, 90.3469, -150.0000, 4.6502, 4.6502, 1.0895 
0.1143, -2.0943, 4.9519, -72.3483, 69.1637, 4.1918, 4.1918, 0.7818 
0.1145, -2.0941, 4.9564, -29.5169, 32.2322, 4.0565, 4.0565, 0.6583 
0.1146, -2.0963, 4.9611, -14.4295, 15.2304, 4.0167, 4.0167, 0.5989 
0.1132, -2.0991, 4.9301, -8.2632, 8.4993, 4.0049, 4.0049, 0.5654 
0.1142, -2.1022, 4.9567, -5.2426, 5.3122, 4.0014, 4.0014, 0.5443 
0.1156, -2.0694, 4.9600, -3.5101, 3.5307, 4.0004, 4.0004, 0.5302 
0.1149, -2.0941, 4.9656, -2.4100, 2.4161, 4.0001, 4.0001, 0.5206 
0.1138, -2.1170, 4.9629, -106.3077, 134.7162, 2.5905, 2.5905, 0.0385 
0.1150, -2.0950, 4.9688, -9.5448, 17.9638, 2.1742, 2.1742, -0.0165 
0.1151, -2.0921, 4.9699, 12.4825, -9.9973, 2.0513, 2.0513, 0.0285 
0.1139, -2.1217, 4.9696, 14.3912, -13.6583, 2.0151, 2.0151, 0.0846 
0.1150, -2.0931, 4.9685, 11.7406, -11.5246, 2.0045, 2.0045, 0.1311 
0.1152, -2.0874, 4.9668, 8.7098, -8.6461, 2.0013, 2.0013, 0.1658 
0.1140, -2.1152, 4.9647, 6.2417, -6.2229, 2.0004, 2.0004, 0.1907 
0.1151, -2.0853, 4.9623, 4.4119, -4.4063, 2.0001, 2.0001, 0.2084 
0.1138, -2.1148, 4.9597, 3.1009, -3.0993, 2.0000, 2.0000, 0.2208 
0.1149, -2.0847, 4.9569, 2.1743, -2.1739, 2.0000, 2.0000, 0.2295 
0.1137, -2.1247, 4.9678, -50.4910, 64.6857, 1.2993, 1.2993, -0.0009 
0.1150, -2.1106, 4.9861, -55.7427, 74.3189, 0.3834, 0.3834, -0.2610 
0.1153, -2.1132, 4.9967, 3.1010, 2.3849, 0.1131, 0.1131, -0.2596 
0.1143, -2.1117, 4.9694, 14.6093, -12.9915, 0.0333, 0.0333, -0.2044 
0.1141, -2.1090, 4.9622, 13.8952, -13.4182, 0.0098, 0.0098, -0.1497 
0.1153, -2.1055, 4.9880, 10.8082, -10.6676, 0.0029, 0.0029, -0.1068 
0.1142, -2.1016, 4.9558, 7.8846, -7.8431, 0.0009, 0.0009, -0.0753 
0.1154, -2.0972, 4.9828, 5.6132, -5.6009, 0.0003, 0.0003, -0.0529 
0.1157, -2.0926, 4.9862, 3.9569, -3.9533, 0.0001, 0.0001, -0.0371 
0.1133, -2.1239, 4.9556, 2.7780, -2.7769, 0.0000, 0.0000, -0.0260 
0.1154, -2.0978, 4.9822, 1.9470, -1.9467, 0.0000, 0.0000, -0.0182 
0.1156, -2.0645, 4.9546, 150.0000, -150.0000, 2.7599, 2.7599, 0.9186 
0.1140, -2.0673, 4.9163, 76.6622, -149.8235, 3.6152, 3.6152, 1.0348 
0.1149, -2.0612, 4.9343, -24.1000, 18.7596, 3.8807, 3.8807, 0.9491 
0.1149, -2.0591, 4.9323, -28.7999, 27.1450, 3.9630, 3.9630, 0.8372 
0.1150, -2.0589, 4.9342, -23.8609, 23.3479, 3.9885, 3.9885, 0.7428 
0.1151, -2.0600, 4.9375, -17.8502, 17.6912, 3.9964, 3.9964, 0.6717 
0.1166, -2.0258, 4.9417, -12.8509, 12.8016, 3.9989, 3.9989, 0.6204 
0.1160, -2.0600, 4.9600, -60.5591, 74.4920, 3.3065, 3.3065, 0.3503 
0.1164, -2.0765, 4.9860, -62.2323, 80.4240, 2.4055, 2.4055, 0.0650 
0.1166, -2.0530, 4.9691, -3.1117, 8.7697, 2.1257, 2.1257, 0.0412 
0.1155, -2.0491, 4.9355, 10.3807, -8.6250, 2.0390, 2.0390, 0.0792 
0.1151, -2.0781, 4.9560, 11.1619, -10.6175, 2.0121, 2.0121, 0.1228 
0.1161, -2.0199, 4.9229, 150.0000, -150.0000, 4.0410, 4.0410, 0.8456 
0.1158, -2.0325, 4.9282, 32.9131, -86.8952, 4.6920, 4.6920, 0.9624 
0.1160, -2.0368, 4.9359, -63.1047, 72.4767, 4.2244, 4.2244, 0.6912 
0.1161, -2.0399, 4.9414, -23.6419, 26.6864, 4.0727, 4.0727, 0.5906 
0.1162, -2.0431, 4.9469, -9.8907, 10.8781, 4.0236, 4.0236, 0.5490 
0.1178, -2.0209, 4.9658, -55.1624, 69.1434, 3.3288, 3.3288, 0.3004 
0.1158, -2.0613, 4.9562, -58.0347, 76.1565, 2.4310, 2.4310, 0.0320 
0.1170, -2.0362, 4.9610, -1.2632, 7.1552, 2.1397, 2.1397, 0.0152 
0.1172, -2.0326, 4.9616, 11.8904, -9.9790, 2.0453, 2.0453, 0.0589 
0.1161, -2.0722, 4.9742, -37.9350, 52.3081, 1.3357, 1.3357, -0.1216 
0.1173, -2.0487, 4.9803, 4.7199, -0.1003, 1.1078, 1.1078, -0.1119 
0.1160, -2.0188, 4.9200, 150.0000, -150.0000, 3.7008, 3.7008, 0.8379 
0.1182, -1.9848, 4.9403, 97.2194, -150.0000, 4.5657, 4.5657, 1.0165 
0.1173, -2.0093, 4.9429, -61.4529, 51.9764, 4.1908, 4.1908, 0.7557 
0.1176, -2.0194, 4.9605, -76.3763, 92.3182, 3.3981, 3.3981, 0.4183 
0.1164, -2.0272, 4.9369, -19.2570, 24.5975, 3.1332, 3.1332, 0.3306 
0.1189, -1.9983, 4.9696, -2.0577, 3.8454, 3.0445, 3.0445, 0.3188 
0.1166, -2.0263, 4.9423, 2.3799, -1.7818, 3.0149, 3.0149, 0.3271 
0.1164, -2.0407, 4.9510, -46.2405, 59.8256, 2.3424, 2.3424, 0.1150 
0.1175, -2.0264, 4.9650, -53.0294, 71.1240, 1.4487, 1.4487, -0.1334 
0.1178, -2.0274, 4.9719, 1.4128, 4.6398, 1.1501, 1.1501, -0.1398 
0.1181, -2.0242, 4.9768, 13.8507, -11.8255, 1.0502, 1.0502, -0.0885 
0.1170, -2.0196, 4.9445, 13.9975, -13.3200, 1.0168, 1.0168, -0.0338 
0.1180, -1.9939, 4.9428, 109.1664, -135.6618, 2.3249, 2.3249, 0.4558 
0.1166, -2.0131, 4.9278, 20.6207, -29.6152, 2.7699, 2.7699, 0.5563 
0.1176, -2.0131, 4.9531, -4.5380, 1.4759, 2.9216, 2.9216, 0.5443 
0.1178, -2.0265, 4.9713, -58.3891, 70.6130, 2.3166, 2.3166, 0.2863 
0.1180, -2.0002, 4.9511, -15.2083, 19.4138, 2.1087, 2.1087, 0.2170 
0.1168, -2.0304, 4.9516, -1.8260, 3.2708, 2.0373, 2.0373, 0.2068 
0.1179, -2.0007, 4.9494, 1.7510, -1.2548, 2.0128, 2.0128, 0.2128 
0.1167, -2.0302, 4.9469, 2.2658, -2.0954, 2.0044, 2.0044, 0.2216 
0.1192, -2.0001, 4.9802, 1.9432, -1.8847, 2.0015, 2.0015, 0.2292 
0.1171, -2.0294, 4.9562, 1.4828, -1.4627, 2.0005, 2.0005, 0.2351 
0.1184, -2.0092, 4.9684, -47.4050, 60.6427, 1.3470, 1.3470, 0.0190 
0.1186, -2.0077, 4.9731, -5.6272, 10.2220, 1.1204, 1.1204, -0.0127 
0.1161, -2.0389, 4.9404, 5.6159, -4.0218, 1.0417, 1.0417, 0.0066 
0.1181, -2.0120, 4.9642, 7.2451, -6.6922, 1.0145, 1.0145, 0.0345 
0.1182, -2.0082, 4.9641, 6.2210, -6.0292, 1.0050, 1.0050, 0.0590 
0.1171, -2.0379, 4.9657, 4.7534, -4.6869, 1.0017, 1.0017, 0.0779 
0.1183, -2.0100, 4.9673, 3.4657, -3.4426, 1.0006, 1.0006, 0.0917 
0.1185, -2.0054, 4.9687, 2.4740, -2.4659, 1.0002, 1.0002, 0.1016 
0.1160, -2.0346, 4.9340, 1.7484, -1.7456, 1.0001, 1.0001, 0.1085 
0.1180, -2.0063, 4.9564, 1.2297, -1.2287, 1.0000, 1.0000, 0.1135 
0.1182, -2.0015, 4.9553, 0.8628, -0.8624, 1.0000, 1.0000, 0.1169 
0.1171, -2.0405, 4.9689, -47.6795, 60.8751, 0.3495, 0.3495, -0.1002 
0.1184, -2.0176, 4.9776, -6.0887, 10.7033, 0.1221, 0.1221, -0.1338 
0.1173, -2.0169, 4.9489, 5.2806, -3.6682, 0.0427, 0.0427, -0.1159 
0.1185, -2.0135, 4.9768, 7.0311, -6.4679, 0.0149, 0.0149, -0.0889 
0.1174, -2.0094, 4.9447, 6.0867, -5.8900, 0.0052, 0.0052, -0.0649 
0.1172, -2.0410, 4.9717, 4.6677, -4.5989, 0.0018, 0.0018, -0.0464 
0.1184, -2.0152, 4.9750, 3.4095, -3.3855, 0.0006, 0.0006, -0.0328 
0.1173, -2.0127, 4.9444, 2.4363, -2.4279, 0.0002, 0.0002, -0.0231 
0.1185, -2.0080, 4.9710, 1.7227, -1.7198, 0.0001, 0.0001, -0.0162 
0.1174, -2.0390, 4.9740, 1.2120, -1.2110, 0.0000, 0.0000, -0.0114 
0.1172, -2.0128, 4.9431, 0.8505, -0.8501, 0.0000, 0.0000, -0.0080 
0.1184, -2.0100, 4.9695, 0.5961, -0.5960, 0.0000, 0.0000, -0.0056 
0.1187, -2.0051, 4.9724, 0.4175, -0.4175, 0.0000, 0.0000, -0.0039 
0.1177, -2.0360, 4.9775, 0.2924, -0.2923, 0.0000, 0.0000, -0.0027 
0.1175, -2.0097, 4.9466, 0.2047, -0.2047, 0.0000, 0.0000, -0.0019 
0.1186, -2.0068, 4.9730, 0.1433, -0.1433, 0.0000, 0.0000, -0.0013 
0.1175, -2.0379, 4.9759, 0.1003, -0.1003, 0.0000, 0.0000, -0.0009 
0.1171, -2.0378, 4.9654, -126.8101, 99.5790, -1.3425, -1.3425, -0.4537 
0.1181, -2.0145, 4.9671, -23.3815, 13.7693, -1.8169, -1.8169, -0.5280 
0.1182, -2.0438, 5.0001, 6.7681, -10.1565, -1.9842, -1.9842, -0.4942 
0.1185, -2.0120, 4.9742, 12.9025, -14.0965, -2.0432, -2.0432, -0.4402 
0.1173, -2.0386, 4.9709, 11.9097, -12.3306, -2.0640, -2.0640, -0.3917 
0.1169, -2.0412, 4.9648, 9.3511, -9.4995, -2.0714, -2.0714, -0.3540 
0.1181, -1.9957, 4.9473, 73.0410, -58.9157, -1.3740, -1.3740, -0.0901 
0.1183, -2.0129, 4.9703, 16.9963, -12.0374, -1.1293, -1.1293, -0.0320 
0.1186, -2.0386, 5.0039, -150.0000, 150.0000, -3.0553, -3.0553, -0.7146 
0.1171, -2.0640, 4.9905, -77.2465, 25.0153, -3.7136, -3.7136, -0.8365 
0.1179, -2.0446, 4.9925, 6.7916, -11.3170, -3.9387, -3.9387, -0.8003 
0.1178, -2.0452, 4.9909, 15.9661, -17.5107, -4.0155, -4.0155, -0.7334 
0.1179, -2.0423, 4.9894, 15.0064, -15.5336, -4.0418, -4.0418, -0.6723 
0.1180, -2.0310, 4.9818, 47.2635, -39.8886, -3.6750, -3.6750, -0.4980 
0.1182, -2.0222, 4.9764, 14.8114, -12.2903, -3.5497, -3.5497, -0.4438 
0.1176, -2.0816, 5.0211, -150.0000, 150.0000, -6.0818, -6.0818, -1.2966 
0.1180, -2.0551, 5.0038, -125.0962, 58.2230, -6.9033, -6.9033, -1.4104 
0.1167, -2.0781, 4.9962, 87.0256, -77.5033, -6.4210, -6.4210, -1.0814 
0.1177, -2.0585, 4.9998, -32.5005, 21.1786, -6.9946, -6.9946, -1.1887 
0.1165, -2.0823, 4.9943, 52.9815, -46.9501, -6.6887, -6.6887, -0.9888 
0.1166, -2.0705, 4.9847, 91.8359, -75.0307, -5.8402, -5.8402, -0.6551 
0.1164, -2.0817, 4.9919, -50.1807, 40.7051, -6.3179, -6.3179, -0.8369 
0.1178, -2.0417, 4.9873, 38.2011, -30.9977, -5.9546, -5.9546, -0.6985 
0.1164, -2.0952, 5.0056, -150.0000, 150.0000, -8.3795, -8.3795, -1.5262 
0.1151, -2.1342, 5.0114, -134.2715, 67.8987, -9.3468, -9.3468, -1.7028 
0.1158, -2.1073, 5.0015, 85.8400, -76.7242, -8.8743, -8.8743, -1.3777 
0.1156, -2.1121, 5.0010, 9.7461, -12.1645, -8.9994, -8.9994, -1.3339 
0.1158, -2.0974, 4.9932, 83.9264, -70.0828, -8.2853, -8.2853, -1.0259 
0.1146, -2.1295, 4.9947, -4.8580, 3.7774, -8.3409, -8.3409, -1.0431 
0.1160, -2.0883, 4.9883, 69.6906, -55.4249, -7.6099, -7.6099, -0.7929 
0.1149, -2.1184, 4.9908, -15.7834, 14.7921, -7.6605, -7.6605, -0.8541 
0.1163, -2.0782, 4.9859, 38.6391, -29.1214, -7.1754, -7.1754, -0.7185 
0.1154, -2.0880, 4.9741, 69.0238, -51.8721, -6.3061, -6.3061, -0.4767 
0.1156, -2.0684, 4.9582, 67.4529, -48.3812, -5.3462, -5.3462, -0.2451 
0.1159, -2.0671, 4.9636, 131.1587, -96.5986, -3.6215, -3.6215, 0.2104 
0.1162, -2.0466, 4.9507, 63.5581, -39.3666, -2.4224, -2.4224, 0.4163 
0.1180, -2.0251, 4.9747, 44.8656, -23.7000, -1.3770, -1.3770, 0.5534 
0.1176, -1.9996, 4.9395, 41.8318, -21.1785, -0.3587, -0.3587, 0.6794 
0.1180, -2.0089, 4.9593, 27.0764, -32.7817, 0.6399, 0.6399, 0.7992 
0.1198, -1.9708, 4.9655, -34.3033, 28.9375, 0.9044, 0.9044, 0.6727 
0.1206, -1.9479, 4.9627, 18.1756, -34.6006, 1.7147, 1.7147, 0.7782 
0.1214, -1.9197, 4.9549, 27.8120, -46.9208, 2.6592, 2.6592, 0.9277 
0.1208, -1.9359, 4.9567, -26.1036, 21.0491, 2.9095, 2.9095, 0.8334 
0.1225, -1.8976, 4.9614, -30.3429, 29.0017, 2.9760, 2.9760, 0.7147 
0.1219, -1.9206, 4.9677, -24.4447, 24.0887, 2.9936, 2.9936, 0.6176 
0.1236, -1.8853, 4.9751, -17.9621, 17.8676, 2.9983, 2.9983, 0.5460 
0.1229, -1.8743, 4.9474, -12.7994, 12.7743, 2.9996, 2.9996, 0.4948 
0.1232, -1.8977, 4.9774, -9.0195, 9.0129, 2.9999, 2.9999, 0.4588 
0.1234, -1.8641, 4.9483, -6.3296, 6.3278, 3.0000, 3.0000, 0.4335 
0.1235, -1.8903, 4.9789, -4.4349, 4.4345, 3.0000, 3.0000, 0.4157 
0.1237, -1.8573, 4.9503, -3.1056, 3.1054, 3.0000, 3.0000, 0.4033 
0.1239, -1.8839, 4.9812, -2.1742, 2.1742, 3.0000, 3.0000, 0.3946 
0.1226, -1.8873, 4.9528, -1.5220, 1.5220, 3.0000, 3.0000, 0.3885 
0.1251, -1.8568, 4.9838, -1.0654, 1.0654, 3.0000, 3.0000, 0.3842 
0.1229, -1.8838, 4.9555, -0.7458, 0.7458, 3.0000, 3.0000, 0.3813 
0.1240, -1.8512, 4.9506, -0.5221, 0.5221, 3.0000, 3.0000, 0.3792 
0.1242, -1.8894, 4.9941, -55.2695, 70.2132, 2.2604, 2.2604, 0.1282 
0.1244, -1.8621, 4.9730, -2.7463, 6.6438, 2.0677, 2.0677, 0.1094 
0.1232, -1.8930, 4.9742, 7.4403, -6.4259, 2.0176, 2.0176, 0.1372 
0.1243, -1.8640, 4.9726, 7.6445, -7.3806, 2.0046, 2.0046, 0.1672 
0.1245, -1.8579, 4.9705, 5.9849, -5.9162, 2.0012, 2.0012, 0.1910 
0.1233, -1.8854, 4.9681, 4.3542, -4.3364, 2.0003, 2.0003, 0.2084 
0.1244, -1.8553, 4.9655, 3.0908, -3.0862, 2.0001, 2.0001, 0.2207 
0.1231, -1.8846, 4.9628, 2.1747, -2.1735, 2.0000, 2.0000, 0.2294 
0.1242, -1.8544, 4.9599, 1.5252, -1.5249, 2.0000, 2.0000, 0.2355 
0.1244, -1.8836, 4.9931, 1.0684, -1.0683, 2.0000, 2.0000, 0.2398 
0.1246, -1.8533, 4.9690, 0.7481, -0.7481, 2.0000, 2.0000, 0.2428 
0.1234, -1.8824, 4.9683, 0.5237, -0.5237, 2.0000, 2.0000, 0.2449 
0.1231, -1.8882, 4.9655, 0.3666, -0.3666, 2.0000, 2.0000, 0.2464 
0.1241, -1.8600, 4.9625, 0.2566, -0.2566, 2.0000, 2.0000, 0.2474 
0.1228, -1.8892, 4.9594, 0.1796, -0.1796, 2.0000, 2.0000, 0.2481 
0.1253, -1.8588, 4.9924, 0.1257, -0.1257, 2.0000, 2.0000, 0.2486 
0.1232, -1.8878, 4.9682, 0.0880, -0.0880, 2.0000, 2.0000, 0.2490 
0.1244, -1.8574, 4.9675, 0.0616, -0.0616, 2.0000, 2.0000, 0.2492 
0.1231, -1.8865, 4.9646, 0.0431, -0.0431, 2.0000, 2.0000, 0.2494 
0.1242, -1.8561, 4.9616, 0.0302, -0.0302, 2.0000, 2.0000, 0.2495 
0.1244, -1.8851, 4.9946, 0.0211, -0.0211, 2.0000, 2.0000, 0.2496 
0.1246, -1.8547, 4.9703, 0.0148, -0.0148, 2.0000, 2.0000, 0.2497 
0.1234, -1.8837, 4.9696, 0.0104, -0.0104, 2.0000, 2.0000, 0.2497 
0.1245, -1.8533, 4.9667, 0.0072, -0.0072, 2.0000, 2.0000, 0.2497 
0.1233, -1.8823, 4.9637, 0.0051, -0.0051, 2.0000, 2.0000, 0.2497 
0.1243, -1.8519, 4.9606, 0.0036, -0.0036, 2.0000, 2.0000, 0.2498 
0.1245, -1.8809, 4.9936, 0.0025, -0.0025, 2.0000, 2.0000, 0.2498 
0.1233, -1.8866, 4.9693, 0.0017, -0.0017, 2.0000, 2.0000, 0.2498 
0.1244, -1.8584, 4.9686, 0.0012, -0.0012, 2.0000, 2.0000, 0.2498 
0.1231, -1.8876, 4.9657, 0.0009, -0.0009, 2.0000, 2.0000, 0.2498 
0.1243, -1.8685, 4.9770, -54.5242, 69.4044, 1.2655, 1.2655, 0.0019 
0.1246, -1.8666, 4.9813, -2.7586, 6.7119, 1.0705, 1.0705, -0.0170 
0.1235, -1.8975, 4.9843, 7.4668, -6.4171, 1.0187, 1.0187, 0.0108 
0.1247, -1.8705, 4.9867, 7.7217, -7.4430, 1.0050, 1.0050, 0.0411 
0.1234, -1.8665, 4.9527, 6.0675, -5.9935, 1.0013, 1.0013, 0.0652 
0.1246, -1.8600, 4.9756, 4.4231, -4.4035, 1.0004, 1.0004, 0.0829 
0.1234, -1.8893, 4.9748, 3.1429, -3.1376, 1.0001, 1.0001, 0.0954 
0.1246, -1.8611, 4.9760, 2.2124, -2.2110, 1.0000, 1.0000, 0.1043 
0.1234, -1.8925, 4.9773, 1.5520, -1.5516, 1.0000, 1.0000, 0.1105 
0.1246, -1.8643, 4.9785, 1.0873, -1.0872, 1.0000, 1.0000, 0.1148 
0.1248, -1.8595, 4.9797, 0.7613, -0.7613, 1.0000, 1.0000, 0.1179 
0.1237, -1.8885, 4.9808, 0.5330, -0.5330, 1.0000, 1.0000, 0.1200 
0.1249, -1.8601, 4.9819, 0.3731, -0.3731, 1.0000, 1.0000, 0.1215 
0.1237, -1.8913, 4.9830, 0.2612, -0.2612, 1.0000, 1.0000, 0.1225 
0.1248, -1.8630, 4.9841, 0.1828, -0.1828, 1.0000, 1.0000, 0.1233 
0.1236, -1.8581, 4.9491, 0.1280, -0.1280, 1.0000, 1.0000, 0.1238 
0.1234, -1.8871, 4.9714, 0.0896, -0.0896, 1.0000, 1.0000, 0.1241 
0.1245, -1.8586, 4.9701, 0.0627, -0.0627, 1.0000, 1.0000, 0.1244 
0.1233, -1.8897, 4.9710, 0.0439, -0.0439, 1.0000, 1.0000, 0.1246 
0.1244, -1.8614, 4.9720, 0.0307, -0.0307, 1.0000, 1.0000, 0.1247 
0.1232, -1.8925, 4.9731, 0.0215, -0.0215, 1.0000, 1.0000, 0.1248 
0.1244, -1.8643, 4.9742, 0.0151, -0.0151, 1.0000, 1.0000, 0.1248 
0.1246, -1.8593, 4.9752, 0.0105, -0.0105, 1.0000, 1.0000, 0.1249 
0.1235, -1.8883, 4.9763, 0.0074, -0.0074, 1.0000, 1.0000, 0.1249 
0.1247, -1.8598, 4.9773, 0.0052, -0.0052, 1.0000, 1.0000, 0.1249 
0.1235, -1.8909, 4.9784, 0.0036, -0.0036, 1.0000, 1.0000, 0.1249 
0.1247, -1.8626, 4.9795, 0.0025, -0.0025, 1.0000, 1.0000, 0.1250 
0.1249, -1.8577, 4.9805, 0.0018, -0.0018, 1.0000, 1.0000, 0.1250 
0.1238, -1.8866, 4.9816, 0.0012, -0.0012, 1.0000, 1.0000, 0.1250 
0.1250, -1.8582, 4.9826, 0.0009, -0.0009, 1.0000, 1.0000, 0.1250 
0.1238, -1.8892, 4.9837, 0.0006, -0.0006, 1.0000, 1.0000, 0.1250 
0.1250, -1.8610, 4.9848, 0.0004, -0.0004, 1.0000, 1.0000, 0.1250 
0.1223, -1.8921, 4.9497, 0.0003, -0.0003, 1.0000, 1.0000, 0.1250 
0.1243, -1.8638, 4.9720, 0.0002, -0.0002, 1.0000, 1.0000, 0.1250 
0.1245, -1.8588, 4.9707, 0.0001, -0.0001, 1.0000, 1.0000, 0.1250 
0.1234, -1.8878, 4.9716, 0.0001, -0.0001, 1.0000, 1.0000, 0.1250 
0.1245, -1.8593, 4.9726, 0.0001, -0.0001, 1.0000, 1.0000, 0.1250 
0.1233, -1.8904, 4.9737, 0.0001, -0.0001, 1.0000, 1.0000, 0.1250 
0.1245, -1.8621, 4.9748, 0.0000, -0.0000, 1.0000, 1.0000, 0.1250 
0.1247, -1.8572, 4.9758, 0.0000, -0.0000, 1.0000, 1.0000, 0.1250 
0.1236, -1.8861, 4.9769, 0.0000, -0.0000, 1.0000, 1.0000, 0.1250 
0.1248, -1.8577, 4.9779, 0.0000, -0.0000, 1.0000, 1.0000, 0.1250 
0.1236, -1.8888, 4.9790, 0.0000, -0.0000, 1.0000, 1.0000, 0.1250 
0.1248, -1.8605, 4.9801, 0.0000, -0.0000, 1.0000, 1.0000, 0.1250 
0.1236, -1.8916, 4.9811, 0.0000, -0.0000, 1.0000, 1.0000, 0.1250 
0.1248, -1.8633, 4.9822, 0.0000, -0.0000, 1.0000, 1.0000, 0.1250 
0.1250, -1.8584, 4.9832, 0.0000, -0.0000, 1.0000, 1.0000, 0.1250 
0.1239, -1.8873, 4.9843, 0.0000, -0.0000, 1.0000, 1.0000, 0.1250 
0.1251, -1.8589, 4.9853, 0.0000, -0.0000, 1.0000, 1.0000, 0.1250 
0.1224, -1.8900, 4.9503, 0.0000, -0.0000, 1.0000, 1.0000, 0.1250 
0.1244, -1.8617, 4.9726, 0.0000, -0.0000, 1.0000, 1.0000, 0.1250 
0.1246, -1.8567, 4.9713, 0.0000, -0.0000, 1.0000, 1.0000, 0.1250 
0.1235, -1.8857, 4.9722, 0.0000, -0.0000, 1.0000, 1.0000, 0.1250 
0.1246, -1.8572, 4.9732, 0.0000, -0.0000, 1.0000, 1.0000, 0.1250 
0.1234, -1.8883, 4.9743, 0.0000, -0.0000, 1.0000, 1.0000, 0.1250 
0.1246, -1.8600, 4.9753, 0.0000, -0.0000, 1.0000, 1.0000, 0.1250 
0.1234, -1.8911, 4.9764, 0.0000, -0.0000, 1.0000, 1.0000, 0.1250 
0.1246, -1.8629, 4.9775, 0.0000, -0.0000, 1.0000, 1.0000, 0.1250 
0.1248, -1.8579, 4.9785, 0.0000, -0.0000, 1.0000, 1.0000, 0.1250 
0.1237, -1.8869, 4.9796, 0.0000, -0.0000, 1.0000, 1.0000, 0.1250 
0.1249, -1.8584, 4.9806, 0.0000, -0.0000, 1.0000, 1.0000, 0.1250 
0.1237, -1.8895, 4.9817, 0.0000, -0.0000, 1.0000, 1.0000, 0.1250 
0.1249, -1.8612, 4.9828, 0.0000, -0.0000, 1.0000, 1.0000, 0.1250 
0.1251, -1.8562, 4.9838, 0.0000, -0.0000, 1.0000, 1.0000, 0.1250 
0.1240, -1.8852, 4.9849, 0.0000, -0.0000, 1.0000, 1.0000, 0.1250 
0.1252, -1.8568, 4.9859, 0.0000, -0.0000, 1.0000, 1.0000, 0.1250 
0.1225, -1.8878, 4.9509, 0.0000, -0.0000, 1.0000, 1.0000, 0.1250 
0.1245, -1.8596, 4.9732, 0.0000, -0.0000, 1.0000, 1.0000, 0.1250 
0.1232, -1.8907, 4.9719, 0.0000, -0.0000, 1.0000, 1.0000, 0.1250 
0.1244, -1.8624, 4.9728, 0.0000, -0.0000, 1.0000, 1.0000, 0.1250 
0.1247, -1.8574, 4.9738, 0.0000, -0.0000, 1.0000, 1.0000, 0.1250 
0.1235, -1.8864, 4.9749, 0.0000, -0.0000, 1.0000, 1.0000, 0.1250 
0.1247, -1.8579, 4.9759, 0.0000, -0.0000, 1.0000, 1.0000, 0.1250 
0.1235, -1.8890, 4.9770, 0.0000, -0.0000, 1.0000, 1.0000, 0.1250 
0.1247, -1.8607, 4.9781, 0.0000, -0.0000, 1.0000, 1.0000, 0.1250 
0.1249, -1.8558, 4.9791, 0.0000, -0.0000, 1.0000, 1.0000, 0.1250 
0.1238, -1.8847, 4.9802, 0.0000, -0.0000, 1.0000, 1.0000, 0.1250 
0.1250, -1.8563, 4.9812, 0.0000, -0.0000, 1.0000, 1.0000, 0.1250 
0.1238, -1.8874, 4.9823, 0.0000, -0.0000, 1.0000, 1.0000, 0.1250 
0.1250, -1.8591, 4.9833, 0.0000, -0.0000, 1.0000, 1.0000, 0.1250 
0.1238, -1.8902, 4.9844, 0.0000, -0.0000, 1.0000, 1.0000, 0.1250 
0.1249, -1.8619, 4.9855, 0.0000, -0.0000, 1.0000, 1.0000, 0.1250 
0.1252, -1.8570, 4.9865, 0.0000, -0.0000, 1.0000, 1.0000, 0.1250 
0.1226, -1.8859, 4.9515, 0.0000, -0.0000, 1.0000, 1.0000, 0.1250 
0.1247, -1.8575, 4.9738, 0.0000, -0.0000, 1.0000, 1.0000, 0.1250 
0.1234, -1.8886, 4.9725, 0.0000, -0.0000, 1.0000, 1.0000, 0.1250 
0.1245, -1.8603, 4.9734, 0.0000, -0.0000, 1.0000, 1.0000, 0.1250 
0.1248, -1.8553, 4.9744, 0.0000, -0.0000, 1.0000, 1.0000, 0.1250 
0.1236, -1.8843, 4.9755, 0.0000, -0.0000, 1.0000, 1.0000, 0.1250 
0.1248, -1.8558, 4.9765, 0.0000, -0.0000, 1.0000, 1.0000, 0.1250 
0.1236, -1.8869, 4.9776, 0.0000, -0.0000, 1.0000, 1.0000, 0.1250 
0.1248, -1.8586, 4.9786, 0.0000, -0.0000, 1.0000, 1.0000, 0.1250 
0.1236, -1.8897, 4.9797, 0.0000, -0.0000, 1.0000, 1.0000, 0.1250 
0.1248, -1.8614, 4.9808, 0.0000, -0.0000, 1.0000, 1.0000, 0.1250 
0.1250, -1.8565, 4.9818, 0.0000, -0.0000, 1.0000, 1.0000, 0.1250 
0.1239, -1.8854, 4.9829, 0.0000, 0.0000, 1.0000, 1.0000, 0.1250 
0.1251, -1.8570, 4.9839, 0.0000, 0.0000, 1.0000, 1.0000, 0.1250 
0.1239, -1.8881, 4.9850, 0.0000, 0.0000, 1.0000, 1.0000, 0.1250 
0.1251, -1.8598, 4.9861, 0.0000, -0.0000, 1.0000, 1.0000, 0.1250 
0.1253, -1.8548, 4.9871, 0.0000, 0.0000, 1.0000, 1.0000, 0.1250 
0.1227, -1.8838, 4.9521, 0.0000, 0.0000, 1.0000, 1.0000, 0.1250 
0.1248, -1.8553, 4.9743, 0.0000, 0.0000, 1.0000, 1.0000, 0.1250 
0.1235, -1.8864, 4.9731, 0.0000, 0.0000, 1.0000, 1.0000, 0.1250 
0.1246, -1.8582, 4.9740, 0.0000, 0.0000, 1.0000, 1.0000, 0.1250 
0.1234, -1.8893, 4.9750, 0.0000, 0.0000, 1.0000, 1.0000, 0.1250 
0.1246, -1.8610, 4.9761, 0.0000, 0.0000, 1.0000, 1.0000, 0.1250 
0.1248, -1.8560, 4.9771, 0.0000, 0.0000, 1.0000, 1.0000, 0.1250 
0.1237, -1.8850, 4.9782, 0.0000, 0.0000, 1.0000, 1.0000, 0.1250 
0.1249, -1.8565, 4.9792, 0.0000, 0.0000, 1.0000, 1.0000, 0.1250 
0.1237, -1.8876, 4.9803, 0.0000, 0.0000, 1.0000, 1.0000, 0.1250 
0.1249, -1.8593, 4.9814, 0.0000, 0.0000, 1.0000, 1.0000, 0.1250 
0.1251, -1.8544, 4.9824, 0.0000, 0.0000, 1.0000, 1.0000, 0.1250 
0.1240, -1.8833, 4.9835, 0.0000, 0.0000, 1.0000, 1.0000, 0.1250 
0.1252, -1.8549, 4.9845, 0.0000, 0.0000, 1.0000, 1.0000, 0.1250 
0.1240, -1.8860, 4.9856, 0.0000, 0.0000, 1.0000, 1.0000, 0.1250 
0.1252, -1.8577, 4.9866, 0.0000, 0.0000, 1.0000, 1.0000, 0.1250 
0.1240, -1.8888, 4.9877, 0.0000, 0.0000, 1.0000, 1.0000, 0.1250 
0.1237, -1.8605, 4.9527, 0.0000, 0.0000, 1.0000, 1.0000, 0.1250 
0.1248, -1.8556, 4.9749, 0.0000, 0.0000, 1.0000, 1.0000, 0.1250 
0.1236, -1.8845, 4.9737, 0.0000, 0.0000, 1.0000, 1.0000, 0.1250 
0.1247, -1.8561, 4.9745, 0.0000, 0.0000, 1.0000, 1.0000, 0.1250 
0.1235, -1.8871, 4.9756, 0.0000, 0.0000, 1.0000, 1.0000, 0.1250 
0.1247, -1.8589, 4.9766, 0.0000, 0.0000, 1.0000, 1.0000, 0.1250 
0.1250, -1.8539, 4.9777, 0.0000, 0.0000, 1.0000, 1.0000, 0.1250 
0.1238, -1.8829, 4.9788, 0.0000, 0.0000, 1.0000, 1.0000, 0.1250 
0.1250, -1.8544, 4.9798, 0.0000, 0.0000, 1.0000, 1.0000, 0.1250 
0.1238, -1.8855, 4.9809, 0.0000, 0.0000, 1.0000, 1.0000, 0.1250 
0.1250, -1.8572, 4.9819, 0.0000, 0.0000, 1.0000, 1.0000, 0.1250 
0.1238, -1.8883, 4.9830, 0.0000, 0.0000, 1.0000, 1.0000, 0.1250 
0.1250, -1.8600, 4.9841, 0.0000, 0.0000, 1.0000, 1.0000, 0.1250 
0.1252, -1.8551, 4.9851, 0.0000, 0.0000, 1.0000, 1.0000, 0.1250 
0.1241, -1.8840, 4.9862, 0.0000, 0.0000, 1.0000, 1.0000, 0.1250 
0.1253, -1.8556, 4.9872, 0.0000, 0.0000, 1.0000, 1.0000, 0.1250 
0.1241, -1.8867, 4.9883, 0.0000, 0.0000, 1.0000, 1.0000, 0.1250 
0.1238, -1.8584, 4.9533, 0.0000, 0.0000, 1.0000, 1.0000, 0.1250 
0.1249, -1.8534, 4.9755, 0.0000, 0.0000, 1.0000, 1.0000, 0.1250 
0.1237, -1.8824, 4.9743, 0.0000, 0.0000, 1.0000, 1.0000, 0.1250 
0.1248, -1.8539, 4.9751, 0.0000, 0.0000, 1.0000, 1.0000, 0.1250 
0.1236, -1.8850, 4.9762, 0.0000, 0.0000, 1.0000, 1.0000, 0.1250 
0.1248, -1.8567, 4.9772, 0.0000, 0.0000, 1.0000, 1.0000, 0.1250 
0.1251, -1.8518, 4.9783, 0.0000, 0.0000, 1.0000, 1.0000, 0.1250 
0.1239, -1.8808, 4.9794, 0.0000, 0.0000, 1.0000, 1.0000, 0.1250 
0.1251, -1.8523, 4.9804, 0.0000, 0.0000, 1.0000, 1.0000, 0.1250 
0.1239, -1.8834, 4.9815, 0.0000, 0.0000, 1.0000, 1.0000, 0.1250 
0.1251, -1.8551, 4.9825, 0.0000, 0.0000, 1.0000, 1.0000, 0.1250 
0.1239, -1.8862, 4.9836, 0.0000, 0.0000, 1.0000, 1.0000, 0.1250 
0.1251, -1.8579, 4.9847, 0.0000, 0.0000, 1.0000, 1.0000, 0.1250 
0.1253, -1.8530, 4.9857, 0.0000, 0.0000, 1.0000, 1.0000, 0.1250 
0.1242, -1.8819, 4.9868, 0.0000, 0.0000, 1.0000, 1.0000, 0.1250 
0.1254, -1.8535, 4.9878, 0.0000, 0.0000, 1.0000, 1.0000, 0.1250 
0.1242, -1.8846, 4.9889, 0.0000, 0.0000, 1.0000, 1.0000, 0.1250 
0.1239, -1.8563, 4.9539, 0.0000, 0.0000, 1.0000, 1.0000, 0.1250 
0.1250, -1.8513, 4.9761, 0.0000, 0.0000, 1.0000, 1.0000, 0.1250 
0.1238, -1.8803, 4.9749, 0.0000, 0.0000, 1.0000, 1.0000, 0.1250 
0.1250, -1.8518, 4.9757, 0.0000, 0.0000, 1.0000, 1.0000, 0.1250 
0.1238, -1.8829, 4.9768, 0.0000, 0.0000, 1.0000, 1.0000, 0.1250 
0.1249, -1.8546, 4.9778, 0.0000, 0.0000, 1.0000, 1.0000, 0.1250 
0.1237, -1.8857, 4.9789, 0.0000, 0.0000, 1.0000, 1.0000, 0.1250 
0.1249, -1.8575, 4.9799, 0.0000, 0.0000, 1.0000, 1.0000, 0.1250 
0.1251, -1.8525, 4.9810, 0.0000, 0.0000, 1.0000, 1.0000, 0.1250 
0.1240, -1.8815, 4.9821, 0.0000, 0.0000, 1.0000, 1.0000, 0.1250 
0.1252, -1.8530, 4.9831, 0.0000, 0.0000, 1.0000, 1.0000, 0.1250 
0.1240, -1.8841, 4.9842, 0.0000, 0.0000, 1.0000, 1.0000, 0.1250 
0.1252, -1.8558, 4.9852, 0.0000, 0.0000, 1.0000, 1.0000, 0.1250 
0.1254, -1.8509, 4.9863, 0.0000, 0.0000, 1.0000, 1.0000, 0.1250 
0.1243, -1.8798, 4.9874, 0.0000, 0.0000, 1.0000, 1.0000, 0.1250 
0.1255, -1.8514, 4.9884, 0.0000, 0.0000, 1.0000, 1.0000, 0.1250 
0.1228, -1.8825, 4.9534, 0.0000, 0.0000, 1.0000, 1.0000, 0.1250 
0.1249, -1.8542, 4.9756, 0.0000, 0.0000, 1.0000, 1.0000, 0.1250 
0.1236, -1.8853, 4.9744, 0.0000, 0.0000, 1.0000, 1.0000, 0.1250 
0.1247, -1.8570, 4.9753, 0.0000, 0.0000, 1.0000, 1.0000, 0.1250 
0.1250, -1.8520, 4.9763, 0.0000, 0.0000, 1.0000, 1.0000, 0.1250 
0.1239, -1.8810, 4.9774, 0.0000, 0.0000, 1.0000, 1.0000, 0.1250 
0.1250, -1.8525, 4.9784, 0.0000, 0.0000, 1.0000, 1.0000, 0.1250 
0.1238, -1.8836, 4.9795, 0.0000, 0.0000, 1.0000, 1.0000, 0.1250 
0.1250, -1.8553, 4.9805, 0.0000, 0.0000, 1.0000, 1.0000, 0.1250 
0.1252, -1.8504, 4.9816, 0.0000, 0.0000, 1.0000, 1.0000, 0.1250 
0.1241, -1.8793, 4.9827, 0.0000, 0.0000, 1.0000, 1.0000, 0.1250 
0.1253, -1.8509, 4.9837, 0.0000, 0.0000, 1.0000, 1.0000, 0.1250 
0.1241, -1.8820, 4.9848, 0.0000, 0.0000, 1.0000, 1.0000, 0.1250 
0.1253, -1.8537, 4.9858, 0.0000, 0.0000, 1.0000, 1.0000, 0.1250 
0.1241, -1.8848, 4.9869, 0.0000, 0.0000, 1.0000, 1.0000, 0.1250 
0.1253, -1.8565, 4.9879, 0.0000, 0.0000, 1.0000, 1.0000, 0.1250 
0.1255, -1.8516, 4.9890, 0.0000, 0.0000, 1.0000, 1.0000, 0.1250 
0.1229, -1.8805, 4.9540, 0.0000, 0.0000, 1.0000, 1.0000, 0.1250 
0.1250, -1.8521, 4.9762, 0.0000, 0.0000, 1.0000, 1.0000, 0.1250 
0.1237, -1.8832, 4.9750, 0.0000, 0.0000, 1.0000, 1.0000, 0.1250 
0.1248, -1.8549, 4.9758, 0.0000, 0.0000, 1.0000, 1.0000, 0.1250 
0.1251, -1.8499, 4.9769, 0.0000, 0.0000, 1.0000, 1.0000, 0.1250 
0.1240, -1.8789, 4.9779, 0.0000, 0.0000, 1.0000, 1.0000, 0.1250 
0.1251, -1.8504, 4.9790, 0.0000, 0.0000, 1.0000, 1.0000, 0.1250 
0.1239, -1.8815, 4.9801, 0.0000, 0.0000, 1.0000, 1.0000, 0.1250 
0.1251, -1.8532, 4.9811, 0.0000, 0.0000, 1.0000, 1.0000, 0.1250 
0.1239, -1.8843, 4.9822, 0.0000, 0.0000, 1.0000, 1.0000, 0.1250 
0.1251, -1.8561, 4.9832, 0.0000, 0.0000, 1.0000, 1.0000, 0.1250 
0.1253, -1.8511, 4.9843, 0.0000, 0.0000, 1.0000, 1.0000, 0.1250 
0.1242, -1.8801, 4.9854, 0.0000, 0.0000, 1.0000, 1.0000, 0.1250 
0.1254, -1.8516, 4.9864, 0.0000, 0.0000, 1.0000, 1.0000, 0.1250 
0.1242, -1.8827, 4.9875, 0.0000, 0.0000, 1.0000, 1.0000, 0.1250 
0.1254, -1.8544, 4.9885, 0.0000, 0.0000, 1.0000, 1.0000, 0.1250 
0.1256, -1.8494, 4.9896, 0.0000, 0.0000, 1.0000, 1.0000, 0.1250 
0.1230, -1.8784, 4.9546, 0.0000, 0.0000, 1.0000, 1.0000, 0.1250 
0.1251, -1.8500, 4.9768, 0.0000, 0.0000, 1.0000, 1.0000, 0.1250 
0.1238, -1.8810, 4.9756, 0.0000, 0.0000, 1.0000, 1.0000, 0.1250 
0.1249, -1.8528, 4.9764, 0.0000, 0.0000, 1.0000, 1.0000, 0.1250 
0.1237, -1.8839, 4.9775, 0.0000, 0.0000, 1.0000, 1.0000, 0.1250 
0.1249, -1.8556, 4.9785, 0.0000, 0.0000, 1.0000, 1.0000, 0.1250 
0.1252, -1.8506, 4.9796, 0.0000, 0.0000, 1.0000, 1.0000, 0.1250 
0.1240, -1.8796, 4.9807, 0.0000, 0.0000, 1.0000, 1.0000, 0.1250 
0.1252, -1.8511, 4.9817, 0.0000, 0.0000, 1.0000, 1.0000, 0.1250 
0.1240, -1.8822, 4.9828, 0.0000, 0.0000, 1.0000, 1.0000, 0.1250 
0.1252, -1.8539, 4.9838, 0.0000, 0.0000, 1.0000, 1.0000, 0.1250 
0.1254, -1.8490, 4.9849, 0.0000, 0.0000, 1.0000, 1.0000, 0.1250 
0.1243, -1.8779, 4.9860, 0.0000, 0.0000, 1.0000, 1.0000, 0.1250 
0.1255, -1.8495, 4.9870, 0.0000, 0.0000, 1.0000, 1.0000, 0.1250 
0.1243, -1.8806, 4.9881, 0.0000, 0.0000, 1.0000, 1.0000, 0.1250 
0.1255, -1.8523, 4.9891, 0.0000, 0.0000, 1.0000, 1.0000, 0.1250 
0.1243, -1.8834, 4.9902, 0.0000, 0.0000, 1.0000, 1.0000, 0.1250 
0.1240, -1.8551, 4.9552, 0.0000, 0.0000, 1.0000, 1.0000, 0.1250 
0.1251, -1.8502, 4.9774, 0.0000, 0.0000, 1.0000, 1.0000, 0.1250 
0.1239, -1.8791, 4.9761, 0.0000, 0.0000, 1.0000, 1.0000, 0.1250 
0.1251, -1.8507, 4.9770, 0.0000, 0.0000, 1.0000, 1.0000, 0.1250 
0.1239, -1.8818, 4.9781, 0.0000, 0.0000, 1.0000, 1.0000, 0.1250 
0.1250, -1.8535, 4.9791, 0.0000, 0.0000, 1.0000, 1.0000, 0.1250 
0.1253, -1.8485, 4.9802, 0.0000, 0.0000, 1.0000, 1.0000, 0.1250 
0.1242, -1.8775, 4.9812, 0.0000, 0.0000, 1.0000, 1.0000, 0.1250 
0.1253, -1.8490, 4.9823, 0.0000, 0.0000, 1.0000, 1.0000, 0.1250 
0.1241, -1.8801, 4.9834, 0.0000, 0.0000, 1.0000, 1.0000, 0.1250 
0.1253, -1.8518, 4.9844, 0.0000, 0.0000, 1.0000, 1.0000, 0.1250 
0.1241, -1.8829, 4.9855, 0.0000, 0.0000, 1.0000, 1.0000, 0.1250 
0.1253, -1.8546, 4.9865, 0.0000, 0.0000, 1.0000, 1.0000, 0.1250 
0.1255, -1.8497, 4.9876, 0.0000, 0.0000, 1.0000, 1.0000, 0.1250 
0.1244, -1.8787, 4.9886, 0.0000, 0.0000, 1.0000, 1.0000, 0.1250 
0.1256, -1.8502, 4.9897, 0.0000, 0.0000, 1.0000, 1.0000, 0.1250 
0.1244, -1.8813, 4.9902, 0.0000, 0.0000, 1.0000, 1.0000, 0.1250 
0.1241, -1.8530, 4.9552, 0.0000, 0.0000, 1.0000, 1.0000, 0.1250 
0.1252, -1.8480, 4.9774, 0.0000, 0.0000, 1.0000, 1.0000, 0.1250 
0.1240, -1.8770, 4.9761, 0.0000, 0.0000, 1.0000, 1.0000, 0.1250 
0.1251, -1.8485, 4.9770, 0.0000, 0.0000, 1.0000, 1.0000, 0.1250 
0.1239, -1.8796, 4.9781, 0.0000, 0.0000, 1.0000, 1.0000, 0.1250 
0.1251, -1.8514, 4.9791, 0.0000, 0.0000, 1.0000, 1.0000, 0.1250 
0.1239, -1.8825, 4.9802, 0.0000, 0.0000, 1.0000, 1.0000, 0.1250 
0.1251, -1.8542, 4.9812, 0.0000, 0.0000, 1.0000, 1.0000, 0.1250 
0.1253, -1.8492, 4.9823, 0.0000, 0.0000, 1.0000, 1.0000, 0.1250 
0.1242, -1.8782, 4.9834, 0.0000, 0.0000, 1.0000, 1.0000, 0.1250 
0.1254, -1.8497, 4.9844, 0.0000, 0.0000, 1.0000, 1.0000, 0.1250 
0.1242, -1.8808, 4.9855, 0.0000, 0.0000, 1.0000, 1.0000, 0.1250 
0.1254, -1.8525, 4.9865, 0.0000, 0.0000, 1.0000, 1.0000, 0.1250 
0.1256, -1.8476, 4.9876, 0.0000, 0.0000, 1.0000, 1.0000, 0.1250 
0.1245, -1.8765, 4.9886, 0.0000, 0.0000, 1.0000, 1.0000, 0.1250 
0.1257, -1.8481, 4.9897, 0.0000, 0.0000, 1.0000, 1.0000, 0.1250 
0.1244, -1.8792, 4.9902, 0.0000, 0.0000, 1.0000, 1.0000, 0.1250 
0.1242, -1.8509, 4.9552, 0.0000, 0.0000, 1.0000, 1.0000, 0.1250 
0.1238, -1.8820, 4.9774, 0.0000, 0.0000, 1.0000, 1.0000, 0.1250 
0.1249, -1.8537, 4.9761, 0.0000, 0.0000, 1.0000, 1.0000, 0.1250 
0.1251, -1.8488, 4.9770, 0.0000, 0.0000, 1.0000, 1.0000, 0.1250 
0.1240, -1.8777, 4.9781, 0.0000, 0.0000, 1.0000, 1.0000, 0.1250 
0.1252, -1.8493, 4.9791, 0.0000, 0.0000, 1.0000, 1.0000, 0.1250 
0.1240, -1.8804, 4.9802, 0.0000, 0.0000, 1.0000, 1.0000, 0.1250 
0.1252, -1.8521, 4.9812, 0.0000, 0.0000, 1.0000, 1.0000, 0.1250 
0.1254, -1.8471, 4.9823, 0.0000, 0.0000, 1.0000, 1.0000, 0.1250 
0.1243, -1.8761, 4.9834, 0.0000, 0.0000, 1.0000, 1.0000, 0.1250 
0.1255, -1.8476, 4.9844, 0.0000, 0.0000, 1.0000, 1.0000, 0.1250 
0.1243, -1.8787, 4.9855, 0.0000, 0.0000, 1.0000, 1.0000, 0.1250 
0.1254, -1.8504, 4.9865, 0.0000, 0.0000, 1.0000, 1.0000, 0.1250 
0.1242, -1.8815, 4.9876, 0.0000, 0.0000, 1.0000, 1.0000, 0.1250 
0.1254, -1.8532, 4.9886, 0.0000, 0.0000, 1.0000, 1.0000, 0.1250 
0.1257, -1.8483, 4.9897, 0.0000, 0.0000, 1.0000, 1.0000, 0.1250 
0.1245, -1.8772, 4.9902, 0.0000, 0.0000, 1.0000, 1.0000, 0.1250 
0.1243, -1.8488, 4.9552, 0.0000, 0.0000, 1.0000, 1.0000, 0.1250 
0.1239, -1.8799, 4.9774, 0.0000, 0.0000, 1.0000, 1.0000, 0.1250 
0.1250, -1.8516, 4.9761, 0.0000, 0.0000, 1.0000, 1.0000, 0.1250 
0.1252, -1.8466, 4.9770, 0.0000, 0.0000, 1.0000, 1.0000, 0.1250 
0.1241, -1.8756, 4.9781, 0.0000, 0.0000, 1.0000, 1.0000, 0.1250 
0.1253, -1.8471, 4.9791, 0.0000, 0.0000, 1.0000, 1.0000, 0.1250 
0.1241, -1.8782, 4.9802, 0.0000, 0.0000, 1.0000, 1.0000, 0.1250 
0.1253, -1.8500, 4.9812, 0.0000, 0.0000, 1.0000, 1.0000, 0.1250 
0.1240, -1.8811, 4.9823, 0.0000, 0.0000, 1.0000, 1.0000, 0.1250 
0.1252, -1.8528, 4.9834, 0.0000, 0.0000, 1.0000, 1.0000, 0.1250 
0.1255, -1.8478, 4.9844, 0.0000, 0.0000, 1.0000, 1.0000, 0.1250 
0.1243, -1.8768, 4.9855, 0.0000, 0.0000, 1.0000, 1.0000, 0.1250 
0.1255, -1.8483, 4.9865, 0.0000, 0.0000, 1.0000, 1.0000, 0.1250 
0.1243, -1.8794, 4.9876, 0.0000, 0.0000, 1.0000, 1.0000, 0.1250 
0.1255, -1.8511, 4.9886, 0.0000, 0.0000, 1.0000, 1.0000, 0.1250 
0.1257, -1.8462, 4.9897, 0.0000, 0.0000, 1.0000, 1.0000, 0.1250 
0.1246, -1.8751, 4.9902, 0.0000, 0.0000, 1.0000, 1.0000, 0.1250 
0.1243, -1.8467, 4.9552, 0.0000, 0.0000, 1.0000, 1.0000, 0.1250 
0.1240, -1.8778, 4.9774, 0.0000, 0.0000, 1.0000, 1.0000, 0.1250 
0.1251, -1.8495, 4.9761, 0.0000, 0.0000, 1.0000, 1.0000, 0.1250 
0.1239, -1.8806, 4.9770, 0.0000, 0.0000, 1.0000, 1.0000, 0.1250 
0.1250, -1.8523, 4.9781, 0.0000, 0.0000, 1.0000, 1.0000, 0.1250 
0.1254, -1.8587, 4.9936, -54.9018, 69.9063, 0.2604, 0.2604, -0.1246 
0.1257, -1.8455, 4.9875, 52.1159, -63.1381, 0.8036, 0.8036, 0.1059 
0.1246, -1.8731, 4.9874, 10.2988, -13.2240, 0.9479, 0.9479, 0.1529 
0.1257, -1.8554, 4.9974, -54.6245, 68.8476, 0.2468, 0.2468, -0.0940 
0.1244, -1.8439, 4.9545, 50.4336, -61.6583, 0.8000, 0.8000, 0.1302 
0.1241, -1.8714, 4.9751, 8.6402, -11.6192, 0.9469, 0.9469, 0.1707 
0.1254, -1.8535, 4.9875, -55.9128, 70.1215, 0.2465, 0.2465, -0.0814 
0.1242, -1.8893, 4.9951, -5.1230, 8.8242, 0.0641, 0.0641, -0.1093 
0.1239, -1.8534, 4.9515, 59.8248, -73.7723, 0.7516, 0.7516, 0.1579 
0.1250, -1.8464, 4.9716, 8.7480, -12.4493, 0.9340, 0.9340, 0.2003 
0.1238, -1.8742, 4.9691, -2.6710, 1.6885, 0.9825, 0.9825, 0.1916 
0.1251, -1.8562, 4.9836, -59.1000, 73.8420, 0.2558, 0.2558, -0.0743 
0.1254, -1.8559, 4.9914, -6.0770, 9.9174, 0.0666, 0.0666, -0.1063 
0.1228, -1.8772, 4.9477, 59.4911, -73.4026, 0.7522, 0.7522, 0.1595 
0.1248, -1.8467, 4.9678, 8.5998, -12.2916, 0.9342, 0.9342, 0.2013 
0.1251, -1.8879, 5.0151, -57.6301, 71.6483, 0.2432, 0.2432, -0.0573 
0.1239, -1.8527, 4.9507, 47.8381, -59.1158, 0.7991, 0.7991, 0.1566 
0.1252, -1.8573, 4.9879, -48.1313, 60.1235, 0.2080, 0.2080, -0.0599 
0.1254, -1.8431, 4.9787, 49.6228, -61.4254, 0.7898, 0.7898, 0.1622 
0.1244, -1.8814, 4.9921, -48.1249, 59.9769, 0.2056, 0.2056, -0.0540 
0.1241, -1.8457, 4.9489, 49.2908, -61.1297, 0.7891, 0.7891, 0.1668 
0.1239, -1.8863, 4.9836, -48.4433, 60.2856, 0.2054, 0.2054, -0.0506 
0.1251, -1.8621, 4.9885, -5.5597, 8.6437, 0.0534, 0.0534, -0.0790 
0.1252, -1.8491, 4.9803, 58.0371, -72.1441, 0.7487, 0.7487, 0.1813 
0.1241, -1.8758, 4.9790, 7.1178, -10.8615, 0.9333, 0.9333, 0.2173 
0.1254, -1.8572, 4.9931, -58.7904, 72.7948, 0.2430, 0.2430, -0.0459 
0.1243, -1.8565, 4.9644, -7.6263, 11.2742, 0.0632, 0.0632, -0.0837 
0.1254, -1.8415, 4.9777, 57.9445, -71.9057, 0.7513, 0.7513, 0.1760 
0.1242, -1.8681, 4.9741, 7.3991, -11.1041, 0.9340, 0.9340, 0.2130 
0.1255, -1.8496, 4.9881, -58.5019, 72.5166, 0.2432, 0.2432, -0.0490 
0.1244, -1.8850, 4.9955, -7.3997, 11.0502, 0.0633, 0.0633, -0.0859 
0.1241, -1.8488, 4.9516, 58.1096, -72.0702, 0.7513, 0.7513, 0.1745 
0.1252, -1.8416, 4.9715, 7.5163, -11.2211, 0.9340, 0.9340, 0.2119 
0.1241, -1.8806, 4.9834, -58.4193, 72.4341, 0.2432, 0.2432, -0.0498 
0.1254, -1.8564, 4.9906, -7.3418, 10.9924, 0.0633, 0.0633, -0.0864 
0.1256, -1.8436, 4.9827, 58.1501, -72.1107, 0.7513, 0.7513, 0.1741 
0.1246, -1.8817, 4.9955, -47.2664, 58.5421, 0.1956, 0.1956, -0.0375 
0.1243, -1.8458, 4.9521, 48.5082, -60.4964, 0.7864, 0.7864, 0.1805 
0.1239, -1.8748, 4.9721, 5.4795, -8.6610, 0.9433, 0.9433, 0.2088 
0.1251, -1.8566, 4.9841, -58.6052, 72.7598, 0.2456, 0.2456, -0.0540 
0.1254, -1.8560, 4.9914, -7.1372, 10.8243, 0.0639, 0.0639, -0.0899 
0.1244, -1.8524, 4.9618, 3.8318, -2.8725, 0.0166, 0.0166, -0.0765 
0.1241, -1.8729, 4.9748, 59.5099, -74.1658, 0.7389, 0.7389, 0.1909 
0.1252, -1.8420, 4.9710, 6.8452, -10.7344, 0.9307, 0.9307, 0.2260 
0.1241, -1.8829, 4.9848, -59.3262, 73.2917, 0.2423, 0.2423, -0.0392 
0.1253, -1.8588, 4.9921, -8.0946, 11.7323, 0.0630, 0.0630, -0.0789 
0.1241, -1.8459, 4.9481, 57.5923, -71.5562, 0.7513, 0.7513, 0.1794 
0.1239, -1.8839, 4.9824, -47.6647, 58.9395, 0.1956, 0.1956, -0.0338 
0.1250, -1.8480, 4.9727, 48.2273, -60.2156, 0.7864, 0.7864, 0.1831 
0.1253, -1.8522, 4.9858, -49.5417, 61.3441, 0.2047, 0.2047, -0.0387 
0.1243, -1.8851, 4.9929, -6.4241, 9.4977, 0.0533, 0.0533, -0.0705 
0.1240, -1.8486, 4.9487, 57.4070, -71.5167, 0.7487, 0.7487, 0.1873 
0.1251, -1.8412, 4.9685, 6.6703, -10.4147, 0.9333, 0.9333, 0.2215 
0.1240, -1.8801, 4.9803, -59.1053, 73.1095, 0.2430, 0.2430, -0.0429 
0.1253, -1.8559, 4.9874, -7.8472, 11.4951, 0.0632, 0.0632, -0.0816 
0.1255, -1.8430, 4.9795, 57.7897, -71.7510, 0.7513, 0.7513, 0.1775 
0.1243, -1.8697, 4.9783, 7.2907, -10.9957, 0.9340, 0.9340, 0.2141 
0.1256, -1.8512, 4.9924, -58.5777, 72.5924, 0.2432, 0.2432, -0.0483 
0.1231, -1.8866, 4.9637, -7.4528, 11.1033, 0.0633, 0.0633, -0.0854 
0.1252, -1.8617, 4.9914, 3.5236, -2.5737, 0.0165, 0.0165, -0.0732 
0.1253, -1.8485, 4.9808, 59.2713, -73.9297, 0.7389, 0.7389, 0.1932 
0.1256, -1.8389, 4.9791, 6.6723, -10.5623, 0.9307, 0.9307, 0.2277 
0.1246, -1.8775, 4.9931, -59.4487, 73.4141, 0.2423, 0.2423, -0.0381 
0.1244, -1.8531, 4.9643, -8.1808, 11.8184, 0.0630, 0.0630, -0.0781 
0.1255, -1.8402, 4.9775, 57.5319, -71.4958, 0.7513, 0.7513, 0.1800 
0.1243, -1.8669, 4.9739, 7.1040, -10.8097, 0.9340, 0.9340, 0.2158 
0.1256, -1.8484, 4.9879, -58.7101, 72.7246, 0.2432, 0.2432, -0.0470 
0.1245, -1.8837, 4.9953, -7.5458, 11.1964, 0.0633, 0.0633, -0.0845 
0.1241, -1.8476, 4.9513, 58.0071, -71.9677, 0.7513, 0.7513, 0.1754 
0.1254, -1.8517, 4.9857, -47.3665, 58.6422, 0.1956, 0.1956, -0.0366 
0.1241, -1.8733, 4.9760, 48.4381, -60.4262, 0.7864, 0.7864, 0.1811 
0.1254, -1.8541, 4.9892, -49.3936, 61.1960, 0.2047, 0.2047, -0.0400 
0.1257, -1.8530, 4.9958, -6.3203, 9.3938, 0.0533, 0.0533, -0.0715 
0.1231, -1.8739, 4.9516, 57.4797, -71.5895, 0.7487, 0.7487, 0.1867 
0.1253, -1.8544, 4.9858, -48.0888, 59.3247, 0.1949, 0.1949, -0.0282 
0.1254, -1.8419, 4.9761, 47.8369, -59.8353, 0.7863, 0.7863, 0.1872 
0.1244, -1.8801, 4.9891, -49.8388, 61.6385, 0.2047, 0.2047, -0.0358 
0.1256, -1.8555, 4.9957, -6.6386, 9.7114, 0.0532, 0.0532, -0.0685 
0.1244, -1.8424, 4.9515, 57.2552, -71.3651, 0.7487, 0.7487, 0.1888 
0.1241, -1.8690, 4.9713, 6.5637, -10.3081, 0.9333, 0.9333, 0.2225 
0.1253, -1.8504, 4.9830, -59.1801, 73.1842, 0.2430, 0.2430, -0.0422 
0.1242, -1.8857, 4.9902, -7.8996, 11.5474, 0.0632, 0.0632, -0.0811 
0.1253, -1.8495, 4.9822, 57.7530, -71.7143, 0.7513, 0.7513, 0.1778 
0.1257, -1.8536, 4.9954, -47.5460, 58.8215, 0.1956, 0.1956, -0.0349 
0.1246, -1.8504, 4.9663, -6.2885, 9.2247, 0.0509, 0.0509, -0.0659 
0.1243, -1.8710, 4.9794, 57.1721, -71.3173, 0.7480, 0.7480, 0.1910 
0.1254, -1.8401, 4.9756, 6.4216, -10.1754, 0.9331, 0.9331, 0.2242 
0.1243, -1.8811, 4.9895, -59.3017, 73.3034, 0.2429, 0.2429, -0.0410 
0.1256, -1.8570, 4.9961, -7.9907, 11.6379, 0.0632, 0.0632, -0.0802 
0.1243, -1.8441, 4.9520, 57.6877, -71.6491, 0.7513, 0.7513, 0.1784 
0.1242, -1.8821, 4.9863, -47.5922, 58.8676, 0.1956, 0.1956, -0.0345 
0.1252, -1.8462, 4.9766, 48.2796, -60.2678, 0.7864, 0.7864, 0.1826 
0.1256, -1.8505, 4.9898, -49.5047, 61.3071, 0.2047, 0.2047, -0.0390 
0.1245, -1.8834, 4.9958, -6.3981, 9.4717, 0.0533, 0.0533, -0.0707 
0.1242, -1.8468, 4.9516, 57.4253, -71.5350, 0.7487, 0.7487, 0.1872 
0.1253, -1.8395, 4.9714, 6.6831, -10.4275, 0.9333, 0.9333, 0.2214 
0.1242, -1.8784, 4.9831, -59.0963, 73.1005, 0.2430, 0.2430, -0.0430 
0.1254, -1.8541, 4.9903, -7.8410, 11.4888, 0.0632, 0.0632, -0.0817 
0.1242, -1.8412, 4.9463, 57.7941, -71.7554, 0.7513, 0.7513, 0.1774 
0.1241, -1.8793, 4.9806, -47.5173, 58.7928, 0.1956, 0.1956, -0.0352 
0.1251, -1.8434, 4.9709, 48.3321, -60.3203, 0.7864, 0.7864, 0.1821 
0.1240, -1.8837, 4.9841, -49.4679, 61.2703, 0.2047, 0.2047, -0.0394 
0.1253, -1.8594, 4.9912, -6.3723, 9.4459, 0.0533, 0.0533, -0.0710 
0.1240, -1.8463, 4.9470, 57.4433, -71.5530, 0.7487, 0.7487, 0.1870 
0.1252, -1.8368, 4.9668, 6.6958, -10.4401, 0.9333, 0.9333, 0.2213 
0.1241, -1.8755, 4.9786, -59.0875, 73.0917, 0.2430, 0.2430, -0.0431 
0.1254, -1.8513, 4.9857, -7.8348, 11.4826, 0.0632, 0.0632, -0.0817 
0.1256, -1.8384, 4.9778, 57.7984, -71.7597, 0.7513, 0.7513, 0.1774 
0.1246, -1.8764, 4.9910, -47.5143, 58.7898, 0.1956, 0.1956, -0.0352 
0.1243, -1.8405, 4.9475, 48.3343, -60.3224, 0.7864, 0.7864, 0.1821 
0.1240, -1.8809, 4.9820, -49.4664, 61.2688, 0.2047, 0.2047, -0.0394 
0.1252, -1.8565, 4.9868, -6.3713, 9.4449, 0.0533, 0.0533, -0.0710 
0.1254, -1.8435, 4.9785, 57.4440, -71.5537, 0.7487, 0.7487, 0.1870 
0.1244, -1.8814, 4.9916, -48.1138, 59.3497, 0.1949, 0.1949, -0.0279 
0.1241, -1.8454, 4.9480, 47.8194, -59.8178, 0.7863, 0.7863, 0.1873 
0.1253, -1.8496, 4.9825, -49.8511, 61.6508, 0.2047, 0.2047, -0.0357 
0.1242, -1.8825, 4.9872, -6.6472, 9.7200, 0.0532, 0.0532, -0.0684 
0.1253, -1.8459, 4.9789, 57.2492, -71.3591, 0.7487, 0.7487, 0.1888 
0.1256, -1.8386, 4.9775, 6.5595, -10.3039, 0.9333, 0.9333, 0.2225 
0.1246, -1.8774, 4.9916, -59.1830, 73.1872, 0.2430, 0.2430, -0.0422 
0.1244, -1.8531, 4.9628, -7.9017, 11.5495, 0.0632, 0.0632, -0.0811 
0.1254, -1.8402, 4.9761, 57.7516, -71.7129, 0.7513, 0.7513, 0.1778 
0.1243, -1.8783, 4.9869, -47.5470, 58.8225, 0.1956, 0.1956, -0.0349 
0.1256, -1.8537, 4.9937, -6.2892, 9.2254, 0.0509, 0.0509, -0.0659 
0.1244, -1.8405, 4.9495, 57.1716, -71.3168, 0.7480, 0.7480, 0.1910 
0.1241, -1.8671, 4.9693, 6.4213, -10.1750, 0.9331, 0.9331, 0.2242 
0.1253, -1.8485, 4.9810, -59.3019, 73.3036, 0.2429, 0.2429, -0.0410 
0.1242, -1.8838, 4.9881, -7.9909, 11.6381, 0.0632, 0.0632, -0.0802 
0.1253, -1.8476, 4.9802, 57.6875, -71.6490, 0.7513, 0.7513, 0.1784 
0.1257, -1.8517, 4.9933, -47.5923, 58.8677, 0.1956, 0.1956, -0.0345 
0.1246, -1.8484, 4.9643, -6.3210, 9.2571, 0.0509, 0.0509, -0.0656 
0.1243, -1.8690, 4.9773, 57.1493, -71.2946, 0.7480, 0.7480, 0.1913 
0.1255, -1.8495, 4.9880, -48.4042, 59.6306, 0.1947, 0.1947, -0.0248 
0.1257, -1.8370, 4.9803, 47.5934, -59.5943, 0.7862, 0.7862, 0.1896 
0.1246, -1.8637, 4.9791, 4.8088, -7.9937, 0.9432, 0.9432, 0.2152 
0.1259, -1.8453, 4.9933, -59.0828, 73.2364, 0.2456, 0.2456, -0.0495 
0.1234, -1.8807, 4.9646, -7.4736, 11.1605, 0.0639, 0.0639, -0.0867 
0.1255, -1.8558, 4.9923, 3.5958, -2.6365, 0.0166, 0.0166, -0.0743 
0.1256, -1.8426, 4.9817, 59.3445, -74.0004, 0.7389, 0.7389, 0.1924 
0.1244, -1.8691, 4.9801, 6.7293, -10.6186, 0.9307, 0.9307, 0.2271 
0.1257, -1.8505, 4.9940, -59.4073, 73.3728, 0.2423, 0.2423, -0.0385 
0.1246, -1.8496, 4.9653, -8.1513, 11.7891, 0.0630, 0.0630, -0.0783 
0.1243, -1.8706, 4.9785, 57.5526, -71.5165, 0.7513, 0.7513, 0.1798 
0.1255, -1.8512, 4.9893, -47.6925, 58.9673, 0.1956, 0.1956, -0.0335 
0.1258, -1.8501, 4.9957, -6.3927, 9.3287, 0.0509, 0.0509, -0.0650 
0.1232, -1.8709, 4.9514, 57.0987, -71.2440, 0.7480, 0.7480, 0.1917 
0.1254, -1.8513, 4.9855, -48.4398, 59.6661, 0.1947, 0.1947, -0.0245 
0.1256, -1.8501, 4.9901, -7.0317, 9.9551, 0.0507, 0.0507, -0.0585 
0.1259, -1.8348, 4.9817, 56.6211, -70.7696, 0.7480, 0.7480, 0.1963 
0.1248, -1.8611, 4.9802, 6.0280, -9.7827, 0.9331, 0.9331, 0.2279 
0.1246, -1.8785, 4.9942, -59.5793, 73.5807, 0.2429, 0.2429, -0.0384 
0.1244, -1.8565, 4.9654, -8.1856, 11.8327, 0.0632, 0.0632, -0.0784 
0.1255, -1.8550, 4.9930, 3.0023, -2.0534, 0.0164, 0.0164, -0.0683 
0.1257, -1.8396, 4.9823, 58.9042, -73.5629, 0.7389, 0.7389, 0.1966 
0.1246, -1.8659, 4.9806, 6.4148, -10.3048, 0.9307, 0.9307, 0.2301 
0.1259, -1.8472, 4.9946, -59.6291, 73.5944, 0.2423, 0.2423, -0.0364 
0.1233, -1.8824, 4.9658, -8.3071, 11.9448, 0.0630, 0.0630, -0.0769 
0.1254, -1.8574, 4.9933, 2.8947, -1.9482, 0.0164, 0.0164, -0.0672 
0.1241, -1.8441, 4.9466, 58.8230, -73.4823, 0.7389, 0.7389, 0.1974 
0.1267, -1.8345, 5.0021, 6.3565, -10.2466, 0.9307, 0.9307, 0.2306 
0.1248, -1.8731, 4.9926, -59.6704, 73.6356, 0.2423, 0.2423, -0.0360 
0.1247, -1.8487, 4.9659, -8.3361, 11.9737, 0.0630, 0.0630, -0.0766 
0.1257, -1.8358, 4.9793, 57.4231, -71.3871, 0.7513, 0.7513, 0.1810 
0.1247, -1.8738, 4.9901, -47.7832, 59.0580, 0.1956, 0.1956, -0.0327 
0.1259, -1.8491, 4.9957, -6.4562, 9.3922, 0.0509, 0.0509, -0.0644 
0.1246, -1.8360, 4.9514, 57.0543, -71.1995, 0.7480, 0.7480, 0.1921 
0.1243, -1.8625, 4.9711, 6.3390, -10.0928, 0.9331, 0.9331, 0.2250 
0.1256, -1.8439, 4.9828, -59.3595, 73.3612, 0.2429, 0.2429, -0.0404 
0.1244, -1.8792, 4.9899, -8.0312, 11.6784, 0.0632, 0.0632, -0.0799 
0.1257, -1.8543, 4.9956, 3.1105, -2.1615, 0.0164, 0.0164, -0.0693 
0.1244, -1.8410, 4.9511, 58.9800, -73.6386, 0.7389, 0.7389, 0.1959 
0.1241, -1.8674, 4.9708, 6.4679, -10.3579, 0.9307, 0.9307, 0.2296 
0.1253, -1.8488, 4.9824, -59.5920, 73.5573, 0.2423, 0.2423, -0.0367 
0.1257, -1.8479, 4.9895, -8.2811, 11.9188, 0.0630, 0.0630, -0.0771 
0.1246, -1.8802, 4.9955, 2.9129, -1.9664, 0.0164, 0.0164, -0.0674 
0.1243, -1.8434, 4.9511, 58.8357, -73.4950, 0.7389, 0.7389, 0.1973 
0.1254, -1.8359, 4.9707, 6.3654, -10.2556, 0.9307, 0.9307, 0.2305 
0.1243, -1.8747, 4.9823, -59.6641, 73.6294, 0.2423, 0.2423, -0.0360 
0.1256, -1.8503, 4.9894, -8.3317, 11.9694, 0.0630, 0.0630, -0.0766 
0.1244, -1.8486, 4.9597, 2.8774, -1.9310, 0.0164, 0.0164, -0.0670 
0.1241, -1.8693, 4.9726, 58.8109, -73.4702, 0.7389, 0.7389, 0.1975 
0.1252, -1.8383, 4.9687, 6.3480, -10.2382, 0.9307, 0.9307, 0.2307 
0.1241, -1.8792, 4.9825, -59.6763, 73.6416, 0.2423, 0.2423, -0.0359 
0.1254, -1.8550, 4.9897, -8.3402, 11.9779, 0.0630, 0.0630, -0.0766 
0.1243, -1.8533, 4.9600, 2.8715, -1.9250, 0.0164, 0.0164, -0.0670 
0.1254, -1.8379, 4.9729, 58.8067, -73.4660, 0.7389, 0.7389, 0.1976 
0.1242, -1.8641, 4.9690, 6.3451, -10.2353, 0.9307, 0.9307, 0.2307 
0.1255, -1.8455, 4.9828, -59.6784, 73.6436, 0.2423, 0.2423, -0.0359 
0.1244, -1.8807, 4.9900, -8.3416, 11.9793, 0.0630, 0.0630, -0.0766 
0.1241, -1.8444, 4.9460, 57.4192, -71.3831, 0.7513, 0.7513, 0.1810 
0.1253, -1.8485, 4.9803, -47.7859, 59.0607, 0.1956, 0.1956, -0.0326 
0.1256, -1.8452, 4.9849, -6.4581, 9.3941, 0.0509, 0.0509, -0.0643 
0.1244, -1.8658, 4.9766, 57.0529, -71.1982, 0.7480, 0.7480, 0.1922 
0.1256, -1.8349, 4.9751, 6.3381, -10.0919, 0.9331, 0.9331, 0.2250 
0.1245, -1.8759, 4.9892, -59.3602, 73.3619, 0.2429, 0.2429, -0.0404 
0.1258, -1.8518, 4.9960, -8.0317, 11.6789, 0.0632, 0.0632, -0.0799 
0.1246, -1.8502, 4.9663, 3.1102, -2.1612, 0.0164, 0.0164, -0.0693 
0.1258, -1.8347, 4.9792, 58.9798, -73.6384, 0.7389, 0.7389, 0.1959 
0.1246, -1.8610, 4.9754, 6.4677, -10.3577, 0.9307, 0.9307, 0.2296 
0.1259, -1.8423, 4.9891, -59.5921, 73.5574, 0.2423, 0.2423, -0.0367 
0.1247, -1.8776, 4.9960, -8.2811, 11.9188, 0.0630, 0.0630, -0.0771 
0.1245, -1.8526, 4.9663, 2.9128, -1.9664, 0.0164, 0.0164, -0.0674 
0.1256, -1.8393, 4.9791, 58.8357, -73.4950, 0.7389, 0.7389, 0.1973 
0.1245, -1.8770, 4.9897, -48.4411, 59.5302, 0.1923, 0.1923, -0.0186 
0.1242, -1.8410, 4.9458, 47.2380, -59.2744, 0.7856, 0.7856, 0.1944 
0.1254, -1.8451, 4.9802, -50.3481, 62.1376, 0.2045, 0.2045, -0.0306 
0.1243, -1.8779, 4.9849, -7.0193, 10.0895, 0.0532, 0.0532, -0.0648 
0.1254, -1.8413, 4.9765, 56.9823, -71.0929, 0.7487, 0.7487, 0.1913 
0.1258, -1.8452, 4.9895, -48.4391, 59.6747, 0.1949, 0.1949, -0.0249 
0.1232, -1.8666, 4.9460, 47.5912, -59.5897, 0.7863, 0.7863, 0.1895 
0.1253, -1.8473, 4.9804, -50.0110, 61.8107, 0.2047, 0.2047, -0.0342 
0.1256, -1.8462, 4.9851, -6.7591, 9.8320, 0.0532, 0.0532, -0.0673 
0.1244, -1.8671, 4.9768, 57.1708, -71.2807, 0.7487, 0.7487, 0.1896 
0.1257, -1.8475, 4.9898, -48.3055, 59.5413, 0.1949, 0.1949, -0.0261 
0.1246, -1.8463, 4.9606, -6.9152, 9.8410, 0.0507, 0.0507, -0.0597 
0.1243, -1.8670, 4.9736, 56.7086, -70.8565, 0.7480, 0.7480, 0.1955 
0.1255, -1.8475, 4.9842, -48.7190, 59.9447, 0.1947, 0.1947, -0.0218 
0.1257, -1.8349, 4.9765, 47.3713, -59.3723, 0.7862, 0.7862, 0.1916 
0.1247, -1.8730, 4.9897, -50.1710, 61.9700, 0.2047, 0.2047, -0.0326 
0.1245, -1.8484, 4.9606, -6.8728, 9.9454, 0.0532, 0.0532, -0.0663 
0.1255, -1.8353, 4.9737, 57.0908, -71.2008, 0.7487, 0.7487, 0.1903 
0.1244, -1.8732, 4.9844, -48.3616, 59.5974, 0.1949, 0.1949, -0.0256 
0.1256, -1.8372, 4.9767, 47.6458, -59.6442, 0.7863, 0.7863, 0.1890 
0.1245, -1.8774, 4.9899, -49.9726, 61.7723, 0.2047, 0.2047, -0.0345 
0.1243, -1.8530, 4.9609, -6.7323, 9.8051, 0.0532, 0.0532, -0.0676 
0.1254, -1.8399, 4.9740, 57.1896, -71.2995, 0.7487, 0.7487, 0.1894 
0.1243, -1.8778, 4.9847, -48.2923, 59.5282, 0.1949, 0.1949, -0.0263 
0.1255, -1.8531, 4.9914, -6.9059, 9.8317, 0.0507, 0.0507, -0.0597 
0.1243, -1.8399, 4.9471, 56.7151, -70.8630, 0.7480, 0.7480, 0.1954 
0.1240, -1.8664, 4.9668, 6.0953, -9.8498, 0.9331, 0.9331, 0.2273 
0.1267, -1.8478, 5.0145, -59.5318, 73.5333, 0.2429, 0.2429, -0.0388 
0.1247, -1.8470, 4.9644, -8.1523, 11.7994, 0.0632, 0.0632, -0.0787 
0.1245, -1.8680, 4.9799, 57.5745, -71.5360, 0.7513, 0.7513, 0.1795 
0.1257, -1.8486, 4.9909, -47.6714, 58.9469, 0.1956, 0.1956, -0.0337 
0.1246, -1.8475, 4.9617, -6.3764, 9.3126, 0.0509, 0.0509, -0.0651 
0.1257, -1.8322, 4.9747, 57.1105, -71.2558, 0.7480, 0.7480, 0.1916 
0.1246, -1.8699, 4.9854, -48.4314, 59.6577, 0.1947, 0.1947, -0.0246 
0.1258, -1.8339, 4.9777, 47.5744, -59.5752, 0.7862, 0.7862, 0.1897 
0.1247, -1.8741, 4.9909, -50.0284, 61.8275, 0.2047, 0.2047, -0.0340 
0.1245, -1.8497, 4.9619, -6.7729, 9.8455, 0.0532, 0.0532, -0.0672 
0.1257, -1.8479, 4.9893, 2.6159, -1.8165, 0.0138, 0.0138, -0.0583 
0.1258, -1.8323, 4.9785, 58.2747, -72.9720, 0.7382, 0.7382, 0.2041 
0.1247, -1.8585, 4.9767, 5.8825, -9.7827, 0.9305, 0.9305, 0.2355 
0.1246, -1.8758, 4.9906, -60.0261, 73.9886, 0.2423, 0.2423, -0.0326 
0.1243, -1.8538, 4.9618, -8.5915, 12.2285, 0.0630, 0.0630, -0.0742 
0.1255, -1.8523, 4.9893, 2.6939, -1.7476, 0.0164, 0.0164, -0.0653 
0.1257, -1.8368, 4.9786, 58.6820, -73.3413, 0.7389, 0.7389, 0.1987 
0.1246, -1.8631, 4.9769, 6.2577, -10.1478, 0.9307, 0.9307, 0.2315 
0.1259, -1.8444, 4.9908, -59.7396, 73.7048, 0.2423, 0.2423, -0.0353 
0.1247, -1.8435, 4.9620, -8.3845, 12.0222, 0.0630, 0.0630, -0.0762 
0.1246, -1.8758, 4.9895, 2.8405, -1.8940, 0.0164, 0.0164, -0.0667 
0.1256, -1.8390, 4.9789, 58.7850, -73.4443, 0.7389, 0.7389, 0.1978 
0.1258, -1.8315, 4.9772, 6.3299, -10.2201, 0.9307, 0.9307, 0.2309 
0.1248, -1.8702, 4.9911, -59.6890, 73.6543, 0.2423, 0.2423, -0.0358 
0.1247, -1.8459, 4.9623, -8.3491, 11.9868, 0.0630, 0.0630, -0.0765 
0.1258, -1.8442, 4.9898, 2.8653, -1.9188, 0.0164, 0.0164, -0.0669 
0.1246, -1.8648, 4.9792, 58.8024, -73.4617, 0.7389, 0.7389, 0.1976 
0.1259, -1.8451, 4.9919, -48.4644, 59.5535, 0.1923, 0.1923, -0.0184 
0.1246, -1.8325, 4.9482, 47.2217, -59.2581, 0.7856, 0.7856, 0.1945 
0.1245, -1.8706, 4.9826, -50.3595, 62.1490, 0.2045, 0.2045, -0.0305 
0.1257, -1.8460, 4.9873, -7.0273, 10.0975, 0.0532, 0.0532, -0.0647 
0.1258, -1.8328, 4.9789, 56.9767, -71.0873, 0.7487, 0.7487, 0.1914 
0.1248, -1.8707, 4.9919, -48.4430, 59.6786, 0.1949, 0.1949, -0.0248 
0.1247, -1.8460, 4.9627, -7.0118, 9.9376, 0.0507, 0.0507, -0.0587 
0.1257, -1.8328, 4.9757, 56.6408, -70.7887, 0.7480, 0.7480, 0.1961 
0.1246, -1.8706, 4.9863, -48.7665, 59.9922, 0.1947, 0.1947, -0.0214 
0.1258, -1.8346, 4.9786, 47.3380, -59.3391, 0.7862, 0.7862, 0.1919 
0.1247, -1.8748, 4.9918, -50.1943, 61.9933, 0.2047, 0.2047, -0.0324 
0.1245, -1.8504, 4.9627, -6.8891, 9.9617, 0.0532, 0.0532, -0.0661 
0.1255, -1.8373, 4.9758, 57.0794, -71.1894, 0.7487, 0.7487, 0.1904 
0.1245, -1.8751, 4.9865, -48.3696, 59.6054, 0.1949, 0.1949, -0.0255 
0.1257, -1.8504, 4.9932, -6.9601, 9.8859, 0.0507, 0.0507, -0.0592 
0.1245, -1.8372, 4.9489, 56.6772, -70.8251, 0.7480, 0.7480, 0.1958 
0.1243, -1.8750, 4.9830, -48.7410, 59.9667, 0.1947, 0.1947, -0.0216 
0.1255, -1.8503, 4.9875, -7.2443, 10.1675, 0.0507, 0.0507, -0.0565 
0.1257, -1.8371, 4.9791, 56.4718, -70.6204, 0.7480, 0.7480, 0.1977 
0.1247, -1.8749, 4.9920, -48.8864, 60.1119, 0.1947, 0.1947, -0.0203 
0.1245, -1.8501, 4.9627, -7.3465, 10.2696, 0.0507, 0.0507, -0.0555 
0.1256, -1.8368, 4.9756, 56.4002, -70.5488, 0.7480, 0.7480, 0.1984 
0.1245, -1.8746, 4.9862, -48.9366, 60.1621, 0.1947, 0.1947, -0.0198 
0.1256, -1.8386, 4.9785, 47.2186, -59.2197, 0.7862, 0.7862, 0.1931 
0.1260, -1.8427, 4.9917, -50.2780, 62.0770, 0.2047, 0.2047, -0.0316 
0.1235, -1.8755, 4.9626, -6.9477, 10.0204, 0.0532, 0.0532, -0.0656 
0.1255, -1.8389, 4.9757, 57.0384, -71.1483, 0.7487, 0.7487, 0.1908 
0.1257, -1.8429, 4.9864, -48.3984, 59.6342, 0.1949, 0.1949, -0.0253 
0.1246, -1.8643, 4.9787, 47.6201, -59.6185, 0.7863, 0.7863, 0.1892 
0.1259, -1.8450, 4.9919, -49.9906, 61.7903, 0.2047, 0.2047, -0.0344 
0.1248, -1.8439, 4.9629, -6.7449, 9.8177, 0.0532, 0.0532, -0.0675 
0.1244, -1.8647, 4.9759, 57.1808, -71.2907, 0.7487, 0.7487, 0.1895 
0.1257, -1.8452, 4.9866, -48.2985, 59.5343, 0.1949, 0.1949, -0.0262 
0.1260, -1.8440, 4.9934, -6.9103, 9.8361, 0.0507, 0.0507, -0.0597 
0.1234, -1.8647, 4.9490, 56.7120, -70.8599, 0.7480, 0.7480, 0.1954 
0.1255, -1.8451, 4.9832, -48.7166, 59.9423, 0.1947, 0.1947, -0.0219 
0.1256, -1.8326, 4.9733, 47.3730, -59.3740, 0.7862, 0.7862, 0.1916 
0.1246, -1.8706, 4.9864, -50.1698, 61.9688, 0.2047, 0.2047, -0.0327 
0.1259, -1.8461, 4.9934, -6.8720, 9.9446, 0.0532, 0.0532, -0.0663 
0.1246, -1.8329, 4.9492, 57.0914, -71.2013, 0.7487, 0.7487, 0.1903 
0.1245, -1.8708, 4.9834, -48.3612, 59.5970, 0.1949, 0.1949, -0.0256 
0.1257, -1.8461, 4.9879, -6.9542, 9.8800, 0.0507, 0.0507, -0.0593 
0.1259, -1.8329, 4.9795, 56.6813, -70.8292, 0.7480, 0.7480, 0.1957 
0.1249, -1.8707, 4.9924, -48.7382, 59.9638, 0.1947, 0.1947, -0.0217 
0.1247, -1.8460, 4.9632, -7.2423, 10.1655, 0.0507, 0.0507, -0.0565 
0.1257, -1.8327, 4.9761, 56.4732, -70.6218, 0.7480, 0.7480, 0.1977 
0.1246, -1.8705, 4.9868, -48.8854, 60.1109, 0.1947, 0.1947, -0.0203 
0.1258, -1.8345, 4.9790, 47.2544, -59.2555, 0.7862, 0.7862, 0.1927 
0.1247, -1.8747, 4.9922, -50.2530, 62.0519, 0.2047, 0.2047, -0.0319 
0.1258, -1.8503, 4.9959, -6.9302, 10.0028, 0.0532, 0.0532, -0.0657 
0.1246, -1.8372, 4.9514, 57.0506, -71.1606, 0.7487, 0.7487, 0.1907 
0.1244, -1.8750, 4.9856, -48.3898, 59.6256, 0.1949, 0.1949, -0.0254 
0.1256, -1.8503, 4.9902, -6.9742, 9.9000, 0.0507, 0.0507, -0.0591 
0.1243, -1.8371, 4.9457, 56.6673, -70.8152, 0.7480, 0.7480, 0.1959 
0.1242, -1.8749, 4.9798, -48.7480, 59.9736, 0.1947, 0.1947, -0.0216 
0.1254, -1.8502, 4.9843, -7.2492, 10.1723, 0.0507, 0.0507, -0.0564 
0.1256, -1.8370, 4.9759, 56.4685, -70.6170, 0.7480, 0.7480, 0.1977 
0.1246, -1.8747, 4.9888, -48.8888, 60.1143, 0.1947, 0.1947, -0.0203 
0.1244, -1.8500, 4.9596, -7.3482, 10.2713, 0.0507, 0.0507, -0.0555 
0.1254, -1.8367, 4.9725, 56.3990, -70.5476, 0.7480, 0.7480, 0.1984 
0.1243, -1.8745, 4.9831, -48.9374, 60.1629, 0.1947, 0.1947, -0.0198 
0.1255, -1.8385, 4.9753, 47.2180, -59.2191, 0.7862, 0.7862, 0.1931 
0.1258, -1.8426, 4.9885, -50.2784, 62.0774, 0.2047, 0.2047, -0.0316 
0.1248, -1.8754, 4.9955, -6.9480, 10.0207, 0.0532, 0.0532, -0.0656 
0.1246, -1.8501, 4.9657, 2.4933, -1.6938, 0.0138, 0.0138, -0.0572 
0.1257, -1.8367, 4.9784, 58.1889, -72.8861, 0.7382, 0.7382, 0.2049 
0.1260, -1.8383, 4.9889, -48.9839, 60.0628, 0.1922, 0.1922, -0.0131 
0.1249, -1.8593, 4.9810, 46.8337, -58.8727, 0.7855, 0.7855, 0.1983 
0.1262, -1.8399, 4.9942, -50.6373, 62.4261, 0.2045, 0.2045, -0.0279 
0.1235, -1.8635, 4.9507, 47.3805, -59.2358, 0.7888, 0.7888, 0.1854 
0.1256, -1.8445, 4.9852, -49.8192, 61.6571, 0.2053, 0.2053, -0.0376 
0.1259, -1.8434, 4.9899, -6.5333, 9.6161, 0.0534, 0.0534, -0.0699 
0.1262, -1.8395, 4.9954, 2.8079, -2.0058, 0.0139, 0.0139, -0.0603 
0.1236, -1.8599, 4.9508, 58.4154, -73.1120, 0.7382, 0.7382, 0.2028 
0.1257, -1.8288, 4.9704, 5.9826, -9.8827, 0.9305, 0.9305, 0.2345 
0.1245, -1.8696, 4.9820, -59.9555, 73.9182, 0.2423, 0.2423, -0.0332 
0.1257, -1.8454, 4.9890, -8.5420, 12.1790, 0.0630, 0.0630, -0.0747 
0.1261, -1.8438, 4.9954, 2.7286, -1.7823, 0.0164, 0.0164, -0.0656 
0.1249, -1.8283, 4.9509, 58.7063, -73.3656, 0.7389, 0.7389, 0.1985 
0.1248, -1.8659, 4.9850, -48.5318, 59.6209, 0.1923, 0.1923, -0.0178 
0.1259, -1.8411, 4.9895, -7.4248, 10.3124, 0.0500, 0.0500, -0.0533 
0.1247, -1.8278, 4.9449, 56.2600, -70.4178, 0.7478, 0.7478, 0.2001 
0.1260, -1.8655, 5.0150, -49.0565, 60.2795, 0.1947, 0.1947, -0.0186 
0.1247, -1.8295, 4.9479, 47.1287, -59.1305, 0.7862, 0.7862, 0.1939 
0.1246, -1.8697, 4.9844, -50.3424, 62.1412, 0.2047, 0.2047, -0.0310 
0.1258, -1.8452, 4.9893, -6.9932, 10.0658, 0.0532, 0.0532, -0.0652 
0.1261, -1.8434, 4.9952, 2.4615, -1.6621, 0.0138, 0.0138, -0.0569 
0.1249, -1.8278, 4.9507, 58.1666, -72.8639, 0.7382, 0.7382, 0.2052 
0.1247, -1.8540, 4.9703, 5.8068, -9.7070, 0.9305, 0.9305, 0.2362 
0.1244, -1.8713, 4.9818, -60.0790, 74.0416, 0.2423, 0.2423, -0.0321 
0.1256, -1.8492, 4.9889, -8.6286, 12.2655, 0.0630, 0.0630, -0.0738 
0.1259, -1.8477, 4.9952, 2.6679, -1.7216, 0.0164, 0.0164, -0.0651 
0.1247, -1.8323, 4.9508, 58.6638, -73.3231, 0.7389, 0.7389, 0.1989 
0.1246, -1.8698, 4.9848, -48.5615, 59.6506, 0.1923, 0.1923, -0.0175 
0.1258, -1.8450, 4.9893, -7.4456, 10.3332, 0.0500, 0.0500, -0.0531 
0.1260, -1.8317, 4.9808, 56.2454, -70.4032, 0.7478, 0.7478, 0.2002 
0.1250, -1.8695, 4.9937, -49.0667, 60.2897, 0.1947, 0.1947, -0.0185 
0.1248, -1.8447, 4.9644, -7.4786, 10.4011, 0.0506, 0.0506, -0.0543 
0.1260, -1.8427, 4.9917, 1.7623, -1.0020, 0.0132, 0.0132, -0.0487 
0.1261, -1.8271, 4.9808, 57.5834, -72.2907, 0.7380, 0.7380, 0.2110 
0.1250, -1.8532, 4.9789, 5.3745, -9.2775, 0.9305, 0.9305, 0.2403 
0.1249, -1.8704, 4.9927, -60.3880, 74.3498, 0.2422, 0.2422, -0.0291 
0.1246, -1.8483, 4.9639, -8.8465, 12.4833, 0.0630, 0.0630, -0.0718 
0.1258, -1.8468, 4.9914, 2.5149, -1.5687, 0.0164, 0.0164, -0.0636 
0.1260, -1.8313, 4.9807, 58.5566, -73.2159, 0.7389, 0.7389, 0.1999 
0.1250, -1.8689, 4.9933, -48.6366, 59.7257, 0.1923, 0.1923, -0.0168 
0.1248, -1.8440, 4.9640, -7.4982, 10.3857, 0.0500, 0.0500, -0.0526 
0.1258, -1.8308, 4.9769, 56.2086, -70.3664, 0.7478, 0.7478, 0.2006 
0.1248, -1.8685, 4.9875, -49.0924, 60.3155, 0.1947, 0.1947, -0.0183 
0.1260, -1.8437, 4.9941, -7.4966, 10.4191, 0.0506, 0.0506, -0.0541 
0.1248, -1.8305, 4.9497, 56.2936, -70.4423, 0.7480, 0.7480, 0.1994 
0.1246, -1.8682, 4.9838, -49.0116, 60.2370, 0.1947, 0.1947, -0.0191 
0.1258, -1.8435, 4.9883, -7.4343, 10.3574, 0.0507, 0.0507, -0.0547 
0.1260, -1.8302, 4.9799, 56.3387, -70.4873, 0.7480, 0.7480, 0.1990 
0.1250, -1.8680, 4.9928, -48.9796, 60.2051, 0.1947, 0.1947, -0.0194 
0.1247, -1.8319, 4.9491, 47.1885, -59.1896, 0.7862, 0.7862, 0.1933 
0.1245, -1.8721, 4.9835, -50.2991, 62.0981, 0.2047, 0.2047, -0.0314 
0.1256, -1.8477, 4.9882, -6.9625, 10.0351, 0.0532, 0.0532, -0.0654 
0.1259, -1.8459, 4.9942, 2.4831, -1.6837, 0.0138, 0.0138, -0.0571 
0.1248, -1.8303, 4.9497, 58.1818, -72.8790, 0.7382, 0.7382, 0.2050 
0.1245, -1.8565, 4.9692, 5.8174, -9.7176, 0.9305, 0.9305, 0.2361 
0.1257, -1.8377, 4.9808, -60.0716, 74.0342, 0.2423, 0.2423, -0.0321 
0.1246, -1.8729, 4.9878, -8.6234, 12.2603, 0.0630, 0.0630, -0.0739 
0.1259, -1.8479, 4.9942, 2.6716, -1.7253, 0.0164, 0.0164, -0.0651 
0.1246, -1.8346, 4.9497, 58.6664, -73.3257, 0.7389, 0.7389, 0.1989 
0.1259, -1.8362, 4.9838, -48.5598, 59.6489, 0.1923, 0.1923, -0.0175 
0.1248, -1.8687, 4.9883, -7.4444, 10.3319, 0.0500, 0.0500, -0.0531 
0.1259, -1.8319, 4.9798, 56.2463, -70.4041, 0.7478, 0.7478, 0.2002 
0.1263, -1.8357, 4.9927, -49.0661, 60.2891, 0.1947, 0.1947, -0.0185 
0.1238, -1.8683, 4.9634, -7.4782, 10.4006, 0.0506, 0.0506, -0.0543 
0.1259, -1.8429, 4.9907, 1.7626, -1.0023, 0.0132, 0.0132, -0.0487 
0.1260, -1.8293, 4.9798, 57.5836, -72.2909, 0.7380, 0.7380, 0.2110 
0.1249, -1.8556, 4.9779, 5.3747, -9.2776, 0.9305, 0.9305, 0.2403 
0.1262, -1.8368, 4.9917, -60.3879, 74.3497, 0.2422, 0.2422, -0.0291 
0.1236, -1.8720, 4.9628, -8.8464, 12.4832, 0.0630, 0.0630, -0.0718 
0.1257, -1.8469, 4.9903, 2.5150, -1.5687, 0.0164, 0.0164, -0.0636 
0.1258, -1.8336, 4.9797, 58.5566, -73.2160, 0.7389, 0.7389, 0.1999 
0.1248, -1.8713, 4.9923, -48.6366, 59.7257, 0.1923, 0.1923, -0.0168 
0.1245, -1.8352, 4.9487, 47.1011, -59.1375, 0.7856, 0.7856, 0.1957 
0.1257, -1.8393, 4.9830, -50.4439, 62.2334, 0.2045, 0.2045, -0.0297 
0.1246, -1.8721, 4.9877, -7.0864, 10.1566, 0.0532, 0.0532, -0.0642 
0.1259, -1.8468, 4.9937, 2.3905, -1.5917, 0.0138, 0.0138, -0.0562 
0.1246, -1.8333, 4.9491, 58.1154, -72.8128, 0.7382, 0.7382, 0.2056 
0.1245, -1.8710, 4.9831, -49.0357, 60.1146, 0.1922, 0.1922, -0.0127 
0.1255, -1.8348, 4.9731, 46.7973, -58.8364, 0.7855, 0.7855, 0.1986 
0.1259, -1.8389, 4.9861, -50.6628, 62.4516, 0.2045, 0.2045, -0.0276 
0.1249, -1.8717, 4.9930, -7.2413, 10.3113, 0.0532, 0.0532, -0.0627 
0.1247, -1.8463, 4.9631, 2.2816, -1.4829, 0.0138, 0.0138, -0.0552 
0.1257, -1.8329, 4.9758, 58.0391, -72.7365, 0.7382, 0.7382, 0.2064 
0.1246, -1.8705, 4.9863, -49.0892, 60.1681, 0.1922, 0.1922, -0.0122 
0.1259, -1.8456, 4.9928, -7.8393, 10.7242, 0.0500, 0.0500, -0.0493 
0.1246, -1.8323, 4.9484, 55.9635, -70.1219, 0.7478, 0.7478, 0.2029 
0.1244, -1.8587, 4.9680, 5.5441, -9.3014, 0.9330, 0.9330, 0.2326 
0.1270, -1.8401, 5.0146, -59.9243, 73.9250, 0.2429, 0.2429, -0.0351 
0.1250, -1.8392, 4.9644, -8.4288, 12.0757, 0.0632, 0.0632, -0.0761 
0.1249, -1.8714, 4.9942, 2.8316, -1.8827, 0.0164, 0.0164, -0.0667 
0.1245, -1.8347, 4.9477, 58.7846, -73.4433, 0.7389, 0.7389, 0.1977 
0.1257, -1.8385, 4.9816, -48.4754, 59.5647, 0.1923, 0.1923, -0.0183 
0.1246, -1.8711, 4.9860, -7.3849, 10.2725, 0.0500, 0.0500, -0.0536 
0.1259, -1.8456, 4.9919, 1.7444, -0.9932, 0.0130, 0.0130, -0.0482 
0.1246, -1.8321, 4.9473, 57.5490, -72.2587, 0.7380, 0.7380, 0.2114 
0.1243, -1.8583, 4.9667, 5.3449, -9.2485, 0.9304, 0.9304, 0.2406 
0.1270, -1.8396, 5.0143, -60.4101, 74.3718, 0.2422, 0.2422, -0.0289 
0.1250, -1.8386, 4.9641, -8.8624, 12.4992, 0.0630, 0.0630, -0.0717 
0.1249, -1.8708, 4.9939, 2.5037, -1.5574, 0.0164, 0.0164, -0.0635 
0.1247, -1.8453, 4.9617, 4.0183, -3.7722, 0.0043, 0.0043, -0.0480 
0.1257, -1.8317, 4.9741, 57.9278, -72.7680, 0.7357, 0.7357, 0.2134 
0.1245, -1.8579, 4.9700, 5.3002, -9.2384, 0.9298, 0.9298, 0.2425 
0.1258, -1.8391, 4.9836, -60.5234, 74.4759, 0.2421, 0.2421, -0.0275 
0.1261, -1.8382, 4.9908, -8.9639, 12.5982, 0.0630, 0.0630, -0.0706 
0.1250, -1.8703, 4.9955, 2.4269, -1.4813, 0.0164, 0.0164, -0.0628 
0.1247, -1.8335, 4.9509, 58.4934, -73.1529, 0.7389, 0.7389, 0.2005 
0.1259, -1.8373, 4.9849, -48.6812, 59.7703, 0.1923, 0.1923, -0.0164 
0.1248, -1.8699, 4.9894, -7.5295, 10.4171, 0.0500, 0.0500, -0.0523 
0.1259, -1.8331, 4.9809, 56.1867, -70.3445, 0.7478, 0.7478, 0.2008 
0.1263, -1.8369, 4.9938, -49.1078, 60.3308, 0.1947, 0.1947, -0.0181 
0.1238, -1.8696, 4.9645, -7.5074, 10.4298, 0.0506, 0.0506, -0.0540 
0.1259, -1.8441, 4.9918, 1.7422, -0.9818, 0.0132, 0.0132, -0.0485 
0.1260, -1.8306, 4.9809, 57.5693, -72.2766, 0.7380, 0.7380, 0.2112 
0.1250, -1.8682, 4.9934, -49.4415, 60.5178, 0.1921, 0.1921, -0.0088 
0.1248, -1.8432, 4.9640, -8.0923, 10.9765, 0.0500, 0.0500, -0.0469 
0.1259, -1.8299, 4.9768, 55.7847, -69.9434, 0.7478, 0.7478, 0.2046 
0.1248, -1.8676, 4.9874, -49.3912, 60.6140, 0.1947, 0.1947, -0.0155 
0.1260, -1.8428, 4.9940, -7.7063, 10.6287, 0.0506, 0.0506, -0.0521 
0.1248, -1.8295, 4.9496, 56.1467, -70.2954, 0.7480, 0.7480, 0.2008 
0.1247, -1.8673, 4.9836, -49.1145, 60.3399, 0.1947, 0.1947, -0.0181 
0.1258, -1.8425, 4.9881, -7.5063, 10.4294, 0.0507, 0.0507, -0.0540 
0.1260, -1.8292, 4.9797, 56.2883, -70.4369, 0.7480, 0.7480, 0.1994 
0.1250, -1.8670, 4.9926, -49.0149, 60.2404, 0.1947, 0.1947, -0.0191 
0.1248, -1.8422, 4.9633, -7.4365, 10.3596, 0.0507, 0.0507, -0.0547 
0.1260, -1.8402, 4.9906, 1.7934, -1.0328, 0.0132, 0.0132, -0.0490 
0.1262, -1.8246, 4.9797, 57.6055, -72.3128, 0.7380, 0.7380, 0.2108 
0.1252, -1.8620, 4.9922, -49.4161, 60.4923, 0.1921, 0.1921, -0.0090 
0.1249, -1.8258, 4.9485, 46.5247, -58.5645, 0.7855, 0.7855, 0.2012 
0.1247, -1.8659, 4.9828, -50.8552, 62.6439, 0.2045, 0.2045, -0.0258 
0.1258, -1.8414, 4.9874, -7.3765, 10.4464, 0.0532, 0.0532, -0.0615 
0.1262, -1.8395, 4.9934, 2.1869, -1.3882, 0.0138, 0.0138, -0.0543 
0.1250, -1.8239, 4.9488, 57.9727, -72.6702, 0.7382, 0.7382, 0.2070 
0.1249, -1.8614, 4.9827, -49.1356, 60.2145, 0.1922, 0.1922, -0.0117 
0.1259, -1.8252, 4.9728, 46.7274, -58.7664, 0.7855, 0.7855, 0.1993 
0.1248, -1.8654, 4.9857, -50.7117, 62.5006, 0.2045, 0.2045, -0.0272 
0.1261, -1.8409, 4.9927, -7.2756, 10.3456, 0.0532, 0.0532, -0.0624 
0.1250, -1.8390, 4.9628, 2.2576, -1.4589, 0.0138, 0.0138, -0.0550 
0.1261, -1.8234, 4.9755, 58.0223, -72.7197, 0.7382, 0.7382, 0.2065 
0.1250, -1.8609, 4.9859, -49.1009, 60.1798, 0.1922, 0.1922, -0.0121 
0.1263, -1.8360, 4.9925, -7.8475, 10.7324, 0.0500, 0.0500, -0.0492 
0.1250, -1.8227, 4.9480, 55.9577, -70.1162, 0.7478, 0.7478, 0.2029 
0.1249, -1.8604, 4.9821, -49.2697, 60.4925, 0.1947, 0.1947, -0.0166 
0.1260, -1.8356, 4.9865, -7.6211, 10.5436, 0.0506, 0.0506, -0.0529 
0.1262, -1.8223, 4.9781, 56.2063, -70.3551, 0.7480, 0.7480, 0.2002 
0.1252, -1.8601, 4.9909, -49.0727, 60.2982, 0.1947, 0.1947, -0.0185 
0.1251, -1.8353, 4.9617, -7.4771, 10.4002, 0.0507, 0.0507, -0.0543 
0.1262, -1.8333, 4.9889, 1.7649, -1.0044, 0.0132, 0.0132, -0.0488 
0.1250, -1.8537, 4.9781, 57.5856, -72.2929, 0.7380, 0.7380, 0.2110 
0.1261, -1.8226, 4.9762, 5.3762, -9.2791, 0.9305, 0.9305, 0.2403 
0.1251, -1.8634, 4.9900, -60.3868, 74.3486, 0.2422, 0.2422, -0.0292 
0.1263, -1.8391, 4.9959, -8.8457, 12.4825, 0.0630, 0.0630, -0.0718 
0.1251, -1.8374, 4.9661, 2.5155, -1.5693, 0.0164, 0.0164, -0.0636 
0.1263, -1.8219, 4.9789, 58.5570, -73.2163, 0.7389, 0.7389, 0.1999 
0.1252, -1.8595, 4.9894, -48.6364, 59.7254, 0.1923, 0.1923, -0.0168 
0.1264, -1.8346, 4.9954, -7.4980, 10.3855, 0.0500, 0.0500, -0.0526 
0.1252, -1.8214, 4.9510, 56.2088, -70.3666, 0.7478, 0.7478, 0.2006 
0.1250, -1.8591, 4.9850, -49.0923, 60.3154, 0.1947, 0.1947, -0.0183 
0.1262, -1.8343, 4.9895, -7.4965, 10.4190, 0.0506, 0.0506, -0.0541 
0.1250, -1.8211, 4.9450, 56.2936, -70.4424, 0.7480, 0.7480, 0.1994 
0.1263, -1.8588, 5.0151, -49.0116, 60.2370, 0.1947, 0.1947, -0.0191 
0.1251, -1.8341, 4.9624, -7.4342, 10.3573, 0.0507, 0.0507, -0.0547 
0.1249, -1.8681, 4.9918, 1.7949, -1.0344, 0.0132, 0.0132, -0.0490 
0.1245, -1.8313, 4.9450, 57.6065, -72.3138, 0.7380, 0.7380, 0.2108 
0.1272, -1.8350, 5.0148, -49.4153, 60.4916, 0.1921, 0.1921, -0.0090 
0.1238, -1.8675, 4.9619, -8.0739, 10.9581, 0.0500, 0.0500, -0.0471 
0.1258, -1.8307, 4.9769, 55.7976, -69.9562, 0.7478, 0.7478, 0.2044 
0.1261, -1.8345, 4.9876, -49.3822, 60.6050, 0.1947, 0.1947, -0.0155 
0.1251, -1.8671, 4.9942, -7.7000, 10.6224, 0.0506, 0.0506, -0.0522 
0.1248, -1.8303, 4.9498, 56.1511, -70.2998, 0.7480, 0.7480, 0.2007 
0.1260, -1.8341, 4.9838, -49.1114, 60.3368, 0.1947, 0.1947, -0.0182 
0.1249, -1.8667, 4.9883, -7.5041, 10.4272, 0.0507, 0.0507, -0.0540 
0.1261, -1.8413, 4.9942, 1.7460, -0.9855, 0.0132, 0.0132, -0.0486 
0.1249, -1.8277, 4.9496, 57.5723, -72.2796, 0.7380, 0.7380, 0.2111 
0.1247, -1.8653, 4.9835, -49.4393, 60.5156, 0.1921, 0.1921, -0.0088 
0.1259, -1.8404, 4.9878, -8.0907, 10.9749, 0.0500, 0.0500, -0.0469 
0.1261, -1.8271, 4.9793, 55.7858, -69.9445, 0.7478, 0.7478, 0.2045 
0.1251, -1.8648, 4.9921, -49.3904, 60.6132, 0.1947, 0.1947, -0.0155 
0.1249, -1.8400, 4.9628, -7.7058, 10.6282, 0.0506, 0.0506, -0.0521 
0.1260, -1.8267, 4.9757, 56.1470, -70.2958, 0.7480, 0.7480, 0.2008 
0.1249, -1.8644, 4.9863, -49.1142, 60.3396, 0.1947, 0.1947, -0.0182 
0.1261, -1.8396, 4.9929, -7.5061, 10.4292, 0.0507, 0.0507, -0.0540 
0.1249, -1.8264, 4.9485, 56.2884, -70.4370, 0.7480, 0.7480, 0.1994 
0.1247, -1.8642, 4.9826, -49.0148, 60.2403, 0.1947, 0.1947, -0.0191 
0.1259, -1.8394, 4.9871, -7.4364, 10.3595, 0.0507, 0.0507, -0.0547 
0.1262, -1.8374, 4.9930, 1.7934, -1.0329, 0.0132, 0.0132, -0.0490 
0.1251, -1.8217, 4.9484, 57.6055, -72.3128, 0.7380, 0.7380, 0.2108 
0.1249, -1.8592, 4.9823, -49.4160, 60.4923, 0.1921, 0.1921, -0.0090 
0.1261, -1.8342, 4.9866, -8.0744, 10.9587, 0.0500, 0.0500, -0.0471 
0.1263, -1.8209, 4.9781, 55.7972, -69.9559, 0.7478, 0.7478, 0.2044 
0.1253, -1.8586, 4.9909, -49.3825, 60.6052, 0.1947, 0.1947, -0.0155 
0.1251, -1.8338, 4.9616, -7.7002, 10.6226, 0.0506, 0.0506, -0.0522 
0.1263, -1.8318, 4.9889, 1.6071, -0.8468, 0.0132, 0.0132, -0.0473 
0.1250, -1.8522, 4.9780, 57.4746, -72.1820, 0.7380, 0.7380, 0.2120 
0.1262, -1.8210, 4.9761, 5.2984, -9.2013, 0.9305, 0.9305, 0.2410 
0.1251, -1.8618, 4.9899, -60.4412, 74.4031, 0.2422, 0.2422, -0.0286 
0.1263, -1.8375, 4.9959, -8.8838, 12.5206, 0.0630, 0.0630, -0.0715 
0.1252, -1.8358, 4.9661, 2.4888, -1.5426, 0.0164, 0.0164, -0.0634 
0.1265, -1.8316, 4.9932, 4.0080, -3.7618, 0.0043, 0.0043, -0.0479 
0.1238, -1.8518, 4.9462, 57.9205, -72.7607, 0.7357, 0.7357, 0.2135 
0.1259, -1.8319, 4.9799, -49.5101, 60.5509, 0.1915, 0.1915, -0.0066 
0.1247, -1.8665, 4.9842, -8.2252, 11.1002, 0.0498, 0.0498, -0.0453 
0.1258, -1.8298, 4.9757, 55.6695, -69.8305, 0.7478, 0.7478, 0.2057 
0.1262, -1.8336, 4.9885, -49.4776, 60.6997, 0.1946, 0.1946, -0.0146 
0.1252, -1.8662, 4.9952, -7.7683, 10.6905, 0.0506, 0.0506, -0.0515 
0.1249, -1.8294, 4.9509, 56.1029, -70.2517, 0.7480, 0.7480, 0.2012 
0.1261, -1.8333, 4.9849, -49.1452, 60.3707, 0.1947, 0.1947, -0.0179 
0.1249, -1.8659, 4.9894, -7.5278, 10.4509, 0.0507, 0.0507, -0.0538 
0.1262, -1.8404, 4.9951, 1.7294, -0.9689, 0.0132, 0.0132, -0.0484 
0.1249, -1.8269, 4.9504, 57.5607, -72.2680, 0.7380, 0.7380, 0.2112 
0.1248, -1.8645, 4.9843, -49.4474, 60.5237, 0.1921, 0.1921, -0.0087 
0.1260, -1.8396, 4.9887, -8.0964, 10.9806, 0.0500, 0.0500, -0.0469 
0.1262, -1.8262, 4.9801, 55.7819, -69.9405, 0.7478, 0.7478, 0.2046 
0.1252, -1.8639, 4.9930, -49.3932, 60.6160, 0.1947, 0.1947, -0.0154 
0.1250, -1.8391, 4.9637, -7.7077, 10.6301, 0.0506, 0.0506, -0.0521 
0.1262, -1.8371, 4.9909, 1.6018, -0.8415, 0.0132, 0.0132, -0.0472 
0.1263, -1.8214, 4.9800, 57.4709, -72.1783, 0.7380, 0.7380, 0.2121 
0.1253, -1.8588, 4.9925, -49.5103, 60.5866, 0.1921, 0.1921, -0.0081 
0.1250, -1.8226, 4.9488, 46.4587, -58.4985, 0.7855, 0.7855, 0.2018 
0.1248, -1.8627, 4.9831, -50.9014, 62.6901, 0.2045, 0.2045, -0.0254 
0.1260, -1.8382, 4.9877, -7.4088, 10.4788, 0.0532, 0.0532, -0.0612 
0.1263, -1.8363, 4.9936, 2.1643, -1.3655, 0.0138, 0.0138, -0.0541 
0.1251, -1.8207, 4.9491, 57.9569, -72.6543, 0.7382, 0.7382, 0.2071 
0.1250, -1.8582, 4.9830, -49.1467, 60.2256, 0.1922, 0.1922, -0.0116 
0.1262, -1.8333, 4.9874, -7.8796, 10.7645, 0.0500, 0.0500, -0.0489 
0.1264, -1.8200, 4.9789, 55.9353, -70.0937, 0.7478, 0.7478, 0.2031 
0.1254, -1.8577, 4.9917, -49.2854, 60.5082, 0.1947, 0.1947, -0.0164 
0.1252, -1.8329, 4.9625, -7.6321, 10.5546, 0.0506, 0.0506, -0.0528 
0.1264, -1.8309, 4.9897, 1.6547, -0.8944, 0.0132, 0.0132, -0.0477 
0.1251, -1.8513, 4.9788, 57.5080, -72.2154, 0.7380, 0.7380, 0.2117 
0.1264, -1.8315, 4.9913, -49.4844, 60.5606, 0.1921, 0.1921, -0.0084 
0.1253, -1.8300, 4.9619, -8.1223, 11.0065, 0.0500, 0.0500, -0.0466 
0.1251, -1.8619, 4.9891, 1.2201, -0.4697, 0.0130, 0.0130, -0.0432 
0.1261, -1.8248, 4.9782, 57.1799, -71.8898, 0.7380, 0.7380, 0.2149 
0.1265, -1.8284, 4.9907, -49.7202, 60.7957, 0.1921, 0.1921, -0.0061 
0.1240, -1.8609, 4.9612, -8.2890, 11.1730, 0.0500, 0.0500, -0.0451 
0.1260, -1.8241, 4.9740, 55.6466, -69.8053, 0.7478, 0.7478, 0.2058 
0.1248, -1.8639, 4.9845, -49.4880, 60.7108, 0.1947, 0.1947, -0.0145 
0.1261, -1.8392, 4.9911, -7.7741, 10.6965, 0.0506, 0.0506, -0.0515 
0.1248, -1.8260, 4.9467, 56.0992, -70.2480, 0.7480, 0.7480, 0.2012 
0.1261, -1.8637, 5.0163, -49.1477, 60.3731, 0.1947, 0.1947, -0.0178 
0.1250, -1.8389, 4.9635, -7.5295, 10.4526, 0.0507, 0.0507, -0.0538 
0.1262, -1.8369, 4.9928, 1.7282, -0.9677, 0.0132, 0.0132, -0.0484 
0.1250, -1.8213, 4.9461, 57.5598, -72.2671, 0.7380, 0.7380, 0.2112 
0.1263, -1.8587, 5.0159, -49.4480, 60.5243, 0.1921, 0.1921, -0.0087 
0.1250, -1.8225, 4.9486, 46.5024, -58.5421, 0.7855, 0.7855, 0.2014 
0.1249, -1.8626, 4.9850, -50.8709, 62.6595, 0.2045, 0.2045, -0.0257 
0.1261, -1.8381, 4.9898, -7.3874, 10.4574, 0.0532, 0.0532, -0.0614 
0.1264, -1.8362, 4.9952, 2.1792, -1.3805, 0.0138, 0.0138, -0.0542 
0.1253, -1.8319, 4.9650, 3.4380, -3.2302, 0.0036, 0.0036, -0.0409 
0.1250, -1.8520, 4.9775, 57.4294, -72.2795, 0.7355, 0.7355, 0.2185 
0.1262, -1.8320, 4.9878, -49.8774, 60.9155, 0.1915, 0.1915, -0.0031 
0.1265, -1.8306, 4.9942, -8.4887, 11.3629, 0.0498, 0.0498, -0.0428 
0.1239, -1.8511, 4.9497, 55.4834, -69.6446, 0.7478, 0.7478, 0.2075 
0.1261, -1.8314, 4.9837, -49.6082, 60.8303, 0.1946, 0.1946, -0.0134 
0.1263, -1.8300, 4.9881, -7.8599, 10.7821, 0.0506, 0.0506, -0.0507 
0.1252, -1.8506, 4.9796, 56.0387, -70.1876, 0.7480, 0.7480, 0.2018 
0.1265, -1.8310, 4.9925, -49.1901, 60.4156, 0.1947, 0.1947, -0.0174 
0.1253, -1.8296, 4.9632, -7.5593, 10.4824, 0.0507, 0.0507, -0.0535 
0.1252, -1.8616, 4.9905, 1.7074, -0.9468, 0.0132, 0.0132, -0.0482 
0.1262, -1.8246, 4.9796, 57.5453, -72.2526, 0.7380, 0.7380, 0.2114 
0.1266, -1.8282, 4.9921, -49.4582, 60.5345, 0.1921, 0.1921, -0.0086 
0.1241, -1.8607, 4.9627, -8.1040, 10.9882, 0.0500, 0.0500, -0.0468 
0.1262, -1.8352, 4.9899, 1.2330, -0.4826, 0.0130, 0.0130, -0.0434 
0.1263, -1.8216, 4.9790, 57.1889, -71.8988, 0.7380, 0.7380, 0.2148 
0.1253, -1.8591, 4.9915, -49.7139, 60.7894, 0.1921, 0.1921, -0.0062 
0.1251, -1.8342, 4.9620, -8.2846, 11.1686, 0.0500, 0.0500, -0.0451 
0.1262, -1.8208, 4.9748, 55.6497, -69.8084, 0.7478, 0.7478, 0.2058 
0.1251, -1.8585, 4.9853, -49.4858, 60.7086, 0.1947, 0.1947, -0.0146 
0.1263, -1.8337, 4.9919, -7.7726, 10.6950, 0.0506, 0.0506, -0.0515 
0.1251, -1.8204, 4.9475, 56.1003, -70.2490, 0.7480, 0.7480, 0.2012 
0.1249, -1.8582, 4.9816, -49.1470, 60.3724, 0.1947, 0.1947, -0.0178 
0.1261, -1.8334, 4.9861, -7.5290, 10.4521, 0.0507, 0.0507, -0.0538 
0.1264, -1.8314, 4.9919, 1.7285, -0.9680, 0.0132, 0.0132, -0.0484 
0.1238, -1.8518, 4.9473, 57.5601, -72.2674, 0.7380, 0.7380, 0.2112 
0.1260, -1.8320, 4.9812, -49.4478, 60.5241, 0.1921, 0.1921, -0.0087 
0.1262, -1.8305, 4.9856, -8.0967, 10.9809, 0.0500, 0.0500, -0.0469 
0.1250, -1.8511, 4.9770, 55.7817, -69.9403, 0.7478, 0.7478, 0.2046 
0.1263, -1.8314, 4.9899, -49.3934, 60.6162, 0.1947, 0.1947, -0.0154 
0.1266, -1.8301, 4.9954, -7.7078, 10.6302, 0.0506, 0.0506, -0.0521 
0.1241, -1.8620, 4.9653, 1.6017, -0.8414, 0.0132, 0.0132, -0.0472 
0.1261, -1.8250, 4.9779, 57.4709, -72.1783, 0.7380, 0.7380, 0.2121 
0.1264, -1.8286, 4.9883, -49.5104, 60.5866, 0.1921, 0.1921, -0.0081 
0.1253, -1.8611, 4.9948, -8.1405, 11.0247, 0.0500, 0.0500, -0.0464 
0.1250, -1.8243, 4.9504, 55.7510, -69.9096, 0.7478, 0.7478, 0.2049 
0.1263, -1.8281, 4.9844, -49.4148, 60.6376, 0.1947, 0.1947, -0.0152 
0.1251, -1.8607, 4.9888, -7.7228, 10.6453, 0.0506, 0.0506, -0.0520 
0.1264, -1.8352, 4.9947, 1.5912, -0.8309, 0.0132, 0.0132, -0.0471 
0.1251, -1.8216, 4.9500, 57.4635, -72.1709, 0.7380, 0.7380, 0.2121 
0.1250, -1.8592, 4.9839, -49.5155, 60.5918, 0.1921, 0.1921, -0.0081 
0.1262, -1.8343, 4.9883, -8.1441, 11.0283, 0.0500, 0.0500, -0.0464 
0.1265, -1.8322, 4.9941, 1.2049, -0.4545, 0.0130, 0.0130, -0.0431 
0.1253, -1.8165, 4.9494, 57.1692, -71.8791, 0.7380, 0.7380, 0.2150 
0.1252, -1.8539, 4.9832, -49.7276, 60.8032, 0.1921, 0.1921, -0.0061 
0.1263, -1.8289, 4.9876, -8.2942, 11.1783, 0.0500, 0.0500, -0.0450 
0.1267, -1.8268, 4.9934, 1.0993, -0.3490, 0.0130, 0.0130, -0.0421 
0.1241, -1.8471, 4.9486, 57.0952, -71.8052, 0.7380, 0.7380, 0.2157 
0.1262, -1.8273, 4.9825, -49.7794, 60.8550, 0.1921, 0.1921, -0.0056 
0.1249, -1.8506, 4.9725, 46.2687, -58.3086, 0.7855, 0.7855, 0.2036 
0.1262, -1.8313, 4.9854, -51.0349, 62.8235, 0.2045, 0.2045, -0.0241 
0.1265, -1.8301, 4.9923, -7.5023, 10.5723, 0.0532, 0.0532, -0.0603 
0.1240, -1.8621, 4.9623, 2.0988, -1.3001, 0.0138, 0.0138, -0.0535 
0.1260, -1.8252, 4.9750, 57.9110, -72.6085, 0.7382, 0.7382, 0.2075 
0.1263, -1.8289, 4.9855, -49.1788, 60.2577, 0.1922, 0.1922, -0.0113 
0.1252, -1.8614, 4.9920, -7.9021, 10.7870, 0.0500, 0.0500, -0.0487 
0.1249, -1.8246, 4.9476, 55.9196, -70.0780, 0.7478, 0.7478, 0.2033 
0.1261, -1.8284, 4.9816, -49.2964, 60.5193, 0.1947, 0.1947, -0.0163 
0.1250, -1.8610, 4.9861, -7.6398, 10.5623, 0.0506, 0.0506, -0.0527 
0.1263, -1.8355, 4.9920, 1.6493, -0.8890, 0.0132, 0.0132, -0.0477 
0.1251, -1.8332, 4.9617, 2.9751, -2.7774, 0.0034, 0.0034, -0.0362 
0.1263, -1.8174, 4.9741, 57.0814, -71.9341, 0.7354, 0.7354, 0.2219 
0.1251, -1.8434, 4.9699, 4.6781, -8.6196, 0.9298, 0.9298, 0.2485 
0.1264, -1.8245, 4.9835, -60.9668, 74.9183, 0.2421, 0.2421, -0.0233 
0.1252, -1.8595, 4.9906, -9.2763, 12.9104, 0.0630, 0.0630, -0.0677 
0.1264, -1.8344, 4.9954, 2.2076, -1.2621, 0.0164, 0.0164, -0.0607 
0.1253, -1.8324, 4.9652, 3.8094, -3.5635, 0.0043, 0.0043, -0.0460 
0.1264, -1.8166, 4.9778, 57.7811, -72.6213, 0.7357, 0.7357, 0.2148 
0.1254, -1.8540, 4.9881, -49.6078, 60.6486, 0.1915, 0.1915, -0.0057 
0.1266, -1.8290, 4.9946, -8.2937, 11.1686, 0.0498, 0.0498, -0.0446 
0.1255, -1.8269, 4.9645, 1.0780, -0.3301, 0.0130, 0.0130, -0.0418 
0.1252, -1.8473, 4.9770, 57.0747, -71.7852, 0.7380, 0.7380, 0.2159 
0.1264, -1.8274, 4.9874, -49.7953, 60.8707, 0.1921, 0.1921, -0.0054 
0.1267, -1.8259, 4.9938, -8.3420, 11.2260, 0.0500, 0.0500, -0.0446 
0.1241, -1.8465, 4.9493, 55.6094, -69.7681, 0.7478, 0.7478, 0.2062 
0.1263, -1.8268, 4.9833, -49.5141, 60.7369, 0.1947, 0.1947, -0.0143 
0.1251, -1.8615, 4.9878, -7.7923, 10.7148, 0.0506, 0.0506, -0.0513 
0.1263, -1.8361, 4.9936, 1.5426, -0.7822, 0.0132, 0.0132, -0.0467 
0.1252, -1.8339, 4.9633, 2.9004, -2.7026, 0.0034, 0.0034, -0.0355 
0.1263, -1.8180, 4.9758, 57.0291, -71.8817, 0.7354, 0.7354, 0.2224 
0.1251, -1.8440, 4.9716, 4.6415, -8.5829, 0.9298, 0.9298, 0.2488 
0.1264, -1.8251, 4.9852, -60.9924, 74.9440, 0.2421, 0.2421, -0.0231 
0.1253, -1.8602, 4.9923, -9.2943, 12.9284, 0.0630, 0.0630, -0.0675 
0.1251, -1.8351, 4.9625, 2.1951, -1.2495, 0.0164, 0.0164, -0.0606 
0.1263, -1.8330, 4.9896, 3.8007, -3.5547, 0.0043, 0.0043, -0.0459 
0.1265, -1.8172, 4.9787, 57.7750, -72.6152, 0.7357, 0.7357, 0.2149 
0.1255, -1.8546, 4.9911, -49.6121, 60.6529, 0.1915, 0.1915, -0.0057 
0.1253, -1.8296, 4.9617, -8.2967, 11.1716, 0.0498, 0.0498, -0.0446 
0.1265, -1.8275, 4.9888, 1.0759, -0.3279, 0.0130, 0.0130, -0.0418 
0.1253, -1.8287, 4.9617, 150.0000, -150.0000, 74.0000, 74.0000, 4.0000 
0.1251, -1.7956, 4.9240, 150.0000, -150.0000, 74.0000, 74.0000, 4.0000 
0.1263, -1.7862, 4.9437, 150.0000, -150.0000, 74.0000, 74.0000, 4.0000 
0.1264, -1.7461, 4.9061, 124.1966, -150.0000, 74.0000, 74.0000, 4.0000 
0.1240, -1.7934, 4.8943, 0.0000, -150.0000, 74.0000, 74.0000, 4.0000 
0.1249, -1.7607, 4.8828, 0.0000, -150.0000, 74.0000, 74.0000, 4.0000 
0.1234, -1.7897, 4.8736, 0.0000, -150.0000, 74.0000, 74.0000, 4.0000 
0.1228, -1.7595, 4.8307, 0.0000, -150.0000, 74.0000, 74.0000, 4.0000 
0.1224, -1.7887, 4.8475, 0.0000, -150.0000, 74.0000, 74.0000, 4.0000 
0.1209, -1.7946, 4.8182, 0.0000, -96.6992, 74.0000, 74.0000, 4.0000 
0.1229, -1.7665, 4.8392, 0.0000, 0.0000, 74.0000, 74.0000, 4.0000 
0.1217, -1.7959, 4.8379, 0.0000, 0.0000, 74.0000, 74.0000, 4.0000 
0.1229, -1.7658, 4.8389, 0.0000, 0.0000, 74.0000, 74.0000, 4.0000 
0.1218, -1.7950, 4.8400, 0.0000, 0.0000, 74.0000, 74.0000, 4.0000 
0.1231, -1.7648, 4.8412, 0.0000, 0.0000, 74.0000, 74.0000, 4.0000 
0.1219, -1.7940, 4.8424, 0.0000, 0.0000, 74.0000, 74.0000, 4.0000 
0.1232, -1.7638, 4.8435, 0.0000, 0.0000, 74.0000, 74.0000, 4.0000 
